STRUCTURE,STRUCTURE_ID,ACTION,FREQ,FREQ_LABEL,REF_AREA,REF_AREA_LABEL,INDICATOR,INDICATOR_LABEL,SEX,SEX_LABEL,AGE,AGE_LABEL,URBANISATION,URBANISATION_LABEL,UNIT_MEASURE,UNIT_MEASURE_LABEL,COMP_BREAKDOWN_1,COMP_BREAKDOWN_1_LABEL,COMP_BREAKDOWN_2,COMP_BREAKDOWN_2_LABEL,COMP_BREAKDOWN_3,COMP_BREAKDOWN_3_LABEL,TIME_PERIOD,OBS_VALUE,DATABASE_ID,DATABASE_ID_LABEL,UNIT_MULT,UNIT_MULT_LABEL,UNIT_TYPE,UNIT_TYPE_LABEL,TIME_FORMAT,TIME_FORMAT_LABEL,OBS_STATUS,OBS_STATUS_LABEL,OBS_CONF,OBS_CONF_LABEL
datastructure,WB.DATA360:DS_DATA360(1.2),I,A,Annual,AFG,Afghanistan,WB_BID_PPI_CMS,Public Private Partnerships (PPP) Benchmarking: Contract Management Score,_T,Total,_T,All age ranges or no breakdown by age,_T,Total,SCORE,Score,_Z,Not Applicable,_Z,Not Applicable,_Z,Not Applicable,2023,57.51984126984127,WB_BID,Benchmarking Infrastructure Development,0,Units,NUMBER,Number (real number),602,CCYY,A,Normal value,PU,Public
datastructure,WB.DATA360:DS_DATA360(1.2),I,A,Annual,ALB,Albania,WB_BID_PPI_CMS,Public Private Partnerships (PPP) Benchmarking: Contract Management Score,_T,Total,_T,All age ranges or no breakdown by age,_T,Total,SCORE,Score,_Z,Not Applicable,_Z,Not Applicable,_Z,Not Applicable,2023,66.78571428571428,WB_BID,Benchmarking Infrastructure Development,0,Units,NUMBER,Number (real number),602,CCYY,A,Normal value,PU,Public
datastructure,WB.DATA360:DS_DATA360(1.2),I,A,Annual,DZA,Algeria,WB_BID_PPI_CMS,Public Private Partnerships (PPP) Benchmarking: Contract Management Score,_T,Total,_T,All age ranges or no breakdown by age,_T,Total,SCORE,Score,_Z,Not Applicable,_Z,Not Applicable,_Z,Not Applicable,2023,64.1468253968254,WB_BID,Benchmarking Infrastructure Development,0,Units,NUMBER,Number (real number),602,CCYY,A,Normal value,PU,Public
datastructure,WB.DATA360:DS_DATA360(1.2),I,A,Annual,AGO,Angola,WB_BID_PPI_CMS,Public Private Partnerships (PPP) Benchmarking: Contract Management Score,_T,Total,_T,All age ranges or no breakdown by age,_T,Total,SCORE,Score,_Z,Not Applicable,_Z,Not Applicable,_Z,Not Applicable,2023,56.44841269841269,WB_BID,Benchmarking Infrastructure Development,0,Units,NUMBER,Number (real number),602,CCYY,A,Normal value,PU,Public
datastructure,WB.DATA360:DS_DATA360(1.2),I,A,Annual,ARG,Argentina,WB_BID_PPI_CMS,Public Private Partnerships (PPP) Benchmarking: Contract Management Score,_T,Total,_T,All age ranges or no breakdown by age,_T,Total,SCORE,Score,_Z,Not Applicable,_Z,Not Applicable,_Z,Not Applicable,2023,72.57936507936508,WB_BID,Benchmarking Infrastructure Development,0,Units,NUMBER,Number (real number),602,CCYY,A,Normal value,PU,Public
datastructure,WB.DATA360:DS_DATA360(1.2),I,A,Annual,ARM,Armenia,WB_BID_PPI_CMS,Public Private Partnerships (PPP) Benchmarking: Contract Management Score,_T,Total,_T,All age ranges or no breakdown by age,_T,Total,SCORE,Score,_Z,Not Applicable,_Z,Not Applicable,_Z,Not Applicable,2023,41.11111111111112,WB_BID,Benchmarking Infrastructure Development,0,Units,NUMBER,Number (real number),602,CCYY,A,Normal value,PU,Public
datastructure,WB.DATA360:DS_DATA360(1.2),I,A,Annual,AUS,Australia,WB_BID_PPI_CMS,Public Private Partnerships (PPP) Benchmarking: Contract Management Score,_T,Total,_T,All age ranges or no breakdown by age,_T,Total,SCORE,Score,_Z,Not Applicable,_Z,Not Applicable,_Z,Not Applicable,2023,86.5079365079365,WB_BID,Benchmarking Infrastructure Development,0,Units,NUMBER,Number (real number),602,CCYY,A,Normal value,PU,Public
datastructure,WB.DATA360:DS_DATA360(1.2),I,A,Annual,AUT,Austria,WB_BID_PPI_CMS,Public Private Partnerships (PPP) Benchmarking: Contract Management Score,_T,Total,_T,All age ranges or no breakdown by age,_T,Total,SCORE,Score,_Z,Not Applicable,_Z,Not Applicable,_Z,Not Applicable,2023,51.527777777777786,WB_BID,Benchmarking Infrastructure Development,0,Units,NUMBER,Number (real number),602,CCYY,A,Normal value,PU,Public
datastructure,WB.DATA360:DS_DATA360(1.2),I,A,Annual,AZE,Azerbaijan,WB_BID_PPI_CMS,Public Private Partnerships (PPP) Benchmarking: Contract Management Score,_T,Total,_T,All age ranges or no breakdown by age,_T,Total,SCORE,Score,_Z,Not Applicable,_Z,Not Applicable,_Z,Not Applicable,2023,51.42857142857142,WB_BID,Benchmarking Infrastructure Development,0,Units,NUMBER,Number (real number),602,CCYY,A,Normal value,PU,Public
datastructure,WB.DATA360:DS_DATA360(1.2),I,A,Annual,BGD,Bangladesh,WB_BID_PPI_CMS,Public Private Partnerships (PPP) Benchmarking: Contract Management Score,_T,Total,_T,All age ranges or no breakdown by age,_T,Total,SCORE,Score,_Z,Not Applicable,_Z,Not Applicable,_Z,Not Applicable,2023,48.0952380952381,WB_BID,Benchmarking Infrastructure Development,0,Units,NUMBER,Number (real number),602,CCYY,A,Normal value,PU,Public
datastructure,WB.DATA360:DS_DATA360(1.2),I,A,Annual,BLR,Belarus,WB_BID_PPI_CMS,Public Private Partnerships (PPP) Benchmarking: Contract Management Score,_T,Total,_T,All age ranges or no breakdown by age,_T,Total,SCORE,Score,_Z,Not Applicable,_Z,Not Applicable,_Z,Not Applicable,2023,64.10714285714285,WB_BID,Benchmarking Infrastructure Development,0,Units,NUMBER,Number (real number),602,CCYY,A,Normal value,PU,Public
datastructure,WB.DATA360:DS_DATA360(1.2),I,A,Annual,BEL,Belgium,WB_BID_PPI_CMS,Public Private Partnerships (PPP) Benchmarking: Contract Management Score,_T,Total,_T,All age ranges or no breakdown by age,_T,Total,SCORE,Score,_Z,Not Applicable,_Z,Not Applicable,_Z,Not Applicable,2023,46.527777777777786,WB_BID,Benchmarking Infrastructure Development,0,Units,NUMBER,Number (real number),602,CCYY,A,Normal value,PU,Public
datastructure,WB.DATA360:DS_DATA360(1.2),I,A,Annual,BEN,Benin,WB_BID_PPI_CMS,Public Private Partnerships (PPP) Benchmarking: Contract Management Score,_T,Total,_T,All age ranges or no breakdown by age,_T,Total,SCORE,Score,_Z,Not Applicable,_Z,Not Applicable,_Z,Not Applicable,2023,76.58730158730157,WB_BID,Benchmarking Infrastructure Development,0,Units,NUMBER,Number (real number),602,CCYY,A,Normal value,PU,Public
datastructure,WB.DATA360:DS_DATA360(1.2),I,A,Annual,BIH,Bosnia and Herzegovina,WB_BID_PPI_CMS,Public Private Partnerships (PPP) Benchmarking: Contract Management Score,_T,Total,_T,All age ranges or no breakdown by age,_T,Total,SCORE,Score,_Z,Not Applicable,_Z,Not Applicable,_Z,Not Applicable,2023,66.01190476190476,WB_BID,Benchmarking Infrastructure Development,0,Units,NUMBER,Number (real number),602,CCYY,A,Normal value,PU,Public
datastructure,WB.DATA360:DS_DATA360(1.2),I,A,Annual,BWA,Botswana,WB_BID_PPI_CMS,Public Private Partnerships (PPP) Benchmarking: Contract Management Score,_T,Total,_T,All age ranges or no breakdown by age,_T,Total,SCORE,Score,_Z,Not Applicable,_Z,Not Applicable,_Z,Not Applicable,2023,67.28174603174602,WB_BID,Benchmarking Infrastructure Development,0,Units,NUMBER,Number (real number),602,CCYY,A,Normal value,PU,Public
datastructure,WB.DATA360:DS_DATA360(1.2),I,A,Annual,BRA,Brazil,WB_BID_PPI_CMS,Public Private Partnerships (PPP) Benchmarking: Contract Management Score,_T,Total,_T,All age ranges or no breakdown by age,_T,Total,SCORE,Score,_Z,Not Applicable,_Z,Not Applicable,_Z,Not Applicable,2023,79.30555555555551,WB_BID,Benchmarking Infrastructure Development,0,Units,NUMBER,Number (real number),602,CCYY,A,Normal value,PU,Public
datastructure,WB.DATA360:DS_DATA360(1.2),I,A,Annual,BGR,Bulgaria,WB_BID_PPI_CMS,Public Private Partnerships (PPP) Benchmarking: Contract Management Score,_T,Total,_T,All age ranges or no breakdown by age,_T,Total,SCORE,Score,_Z,Not Applicable,_Z,Not Applicable,_Z,Not Applicable,2023,84.12698412698413,WB_BID,Benchmarking Infrastructure Development,0,Units,NUMBER,Number (real number),602,CCYY,A,Normal value,PU,Public
datastructure,WB.DATA360:DS_DATA360(1.2),I,A,Annual,BFA,Burkina Faso,WB_BID_PPI_CMS,Public Private Partnerships (PPP) Benchmarking: Contract Management Score,_T,Total,_T,All age ranges or no breakdown by age,_T,Total,SCORE,Score,_Z,Not Applicable,_Z,Not Applicable,_Z,Not Applicable,2023,69.00793650793649,WB_BID,Benchmarking Infrastructure Development,0,Units,NUMBER,Number (real number),602,CCYY,A,Normal value,PU,Public
datastructure,WB.DATA360:DS_DATA360(1.2),I,A,Annual,BDI,Burundi,WB_BID_PPI_CMS,Public Private Partnerships (PPP) Benchmarking: Contract Management Score,_T,Total,_T,All age ranges or no breakdown by age,_T,Total,SCORE,Score,_Z,Not Applicable,_Z,Not Applicable,_Z,Not Applicable,2023,65.8531746031746,WB_BID,Benchmarking Infrastructure Development,0,Units,NUMBER,Number (real number),602,CCYY,A,Normal value,PU,Public
datastructure,WB.DATA360:DS_DATA360(1.2),I,A,Annual,KHM,Cambodia,WB_BID_PPI_CMS,Public Private Partnerships (PPP) Benchmarking: Contract Management Score,_T,Total,_T,All age ranges or no breakdown by age,_T,Total,SCORE,Score,_Z,Not Applicable,_Z,Not Applicable,_Z,Not Applicable,2023,76.19047619047619,WB_BID,Benchmarking Infrastructure Development,0,Units,NUMBER,Number (real number),602,CCYY,A,Normal value,PU,Public
datastructure,WB.DATA360:DS_DATA360(1.2),I,A,Annual,CMR,Cameroon,WB_BID_PPI_CMS,Public Private Partnerships (PPP) Benchmarking: Contract Management Score,_T,Total,_T,All age ranges or no breakdown by age,_T,Total,SCORE,Score,_Z,Not Applicable,_Z,Not Applicable,_Z,Not Applicable,2023,54.64285714285714,WB_BID,Benchmarking Infrastructure Development,0,Units,NUMBER,Number (real number),602,CCYY,A,Normal value,PU,Public
datastructure,WB.DATA360:DS_DATA360(1.2),I,A,Annual,CAN,Canada,WB_BID_PPI_CMS,Public Private Partnerships (PPP) Benchmarking: Contract Management Score,_T,Total,_T,All age ranges or no breakdown by age,_T,Total,SCORE,Score,_Z,Not Applicable,_Z,Not Applicable,_Z,Not Applicable,2023,47.261904761904766,WB_BID,Benchmarking Infrastructure Development,0,Units,NUMBER,Number (real number),602,CCYY,A,Normal value,PU,Public
datastructure,WB.DATA360:DS_DATA360(1.2),I,A,Annual,TCD,Chad,WB_BID_PPI_CMS,Public Private Partnerships (PPP) Benchmarking: Contract Management Score,_T,Total,_T,All age ranges or no breakdown by age,_T,Total,SCORE,Score,_Z,Not Applicable,_Z,Not Applicable,_Z,Not Applicable,2023,63.07539682539684,WB_BID,Benchmarking Infrastructure Development,0,Units,NUMBER,Number (real number),602,CCYY,A,Normal value,PU,Public
datastructure,WB.DATA360:DS_DATA360(1.2),I,A,Annual,CHL,Chile,WB_BID_PPI_CMS,Public Private Partnerships (PPP) Benchmarking: Contract Management Score,_T,Total,_T,All age ranges or no breakdown by age,_T,Total,SCORE,Score,_Z,Not Applicable,_Z,Not Applicable,_Z,Not Applicable,2023,89.92063492063491,WB_BID,Benchmarking Infrastructure Development,0,Units,NUMBER,Number (real number),602,CCYY,A,Normal value,PU,Public
datastructure,WB.DATA360:DS_DATA360(1.2),I,A,Annual,CHN,China,WB_BID_PPI_CMS,Public Private Partnerships (PPP) Benchmarking: Contract Management Score,_T,Total,_T,All age ranges or no breakdown by age,_T,Total,SCORE,Score,_Z,Not Applicable,_Z,Not Applicable,_Z,Not Applicable,2023,81.25,WB_BID,Benchmarking Infrastructure Development,0,Units,NUMBER,Number (real number),602,CCYY,A,Normal value,PU,Public
datastructure,WB.DATA360:DS_DATA360(1.2),I,A,Annual,COL,Colombia,WB_BID_PPI_CMS,Public Private Partnerships (PPP) Benchmarking: Contract Management Score,_T,Total,_T,All age ranges or no breakdown by age,_T,Total,SCORE,Score,_Z,Not Applicable,_Z,Not Applicable,_Z,Not Applicable,2023,79.92063492063491,WB_BID,Benchmarking Infrastructure Development,0,Units,NUMBER,Number (real number),602,CCYY,A,Normal value,PU,Public
datastructure,WB.DATA360:DS_DATA360(1.2),I,A,Annual,COD,"Congo, Dem. Rep.",WB_BID_PPI_CMS,Public Private Partnerships (PPP) Benchmarking: Contract Management Score,_T,Total,_T,All age ranges or no breakdown by age,_T,Total,SCORE,Score,_Z,Not Applicable,_Z,Not Applicable,_Z,Not Applicable,2023,66.92460317460318,WB_BID,Benchmarking Infrastructure Development,0,Units,NUMBER,Number (real number),602,CCYY,A,Normal value,PU,Public
datastructure,WB.DATA360:DS_DATA360(1.2),I,A,Annual,COG,"Congo, Rep.",WB_BID_PPI_CMS,Public Private Partnerships (PPP) Benchmarking: Contract Management Score,_T,Total,_T,All age ranges or no breakdown by age,_T,Total,SCORE,Score,_Z,Not Applicable,_Z,Not Applicable,_Z,Not Applicable,2023,54.52380952380952,WB_BID,Benchmarking Infrastructure Development,0,Units,NUMBER,Number (real number),602,CCYY,A,Normal value,PU,Public
datastructure,WB.DATA360:DS_DATA360(1.2),I,A,Annual,CRI,Costa Rica,WB_BID_PPI_CMS,Public Private Partnerships (PPP) Benchmarking: Contract Management Score,_T,Total,_T,All age ranges or no breakdown by age,_T,Total,SCORE,Score,_Z,Not Applicable,_Z,Not Applicable,_Z,Not Applicable,2023,49.58333333333334,WB_BID,Benchmarking Infrastructure Development,0,Units,NUMBER,Number (real number),602,CCYY,A,Normal value,PU,Public
datastructure,WB.DATA360:DS_DATA360(1.2),I,A,Annual,CIV,Cote d'Ivoire,WB_BID_PPI_CMS,Public Private Partnerships (PPP) Benchmarking: Contract Management Score,_T,Total,_T,All age ranges or no breakdown by age,_T,Total,SCORE,Score,_Z,Not Applicable,_Z,Not Applicable,_Z,Not Applicable,2023,66.72619047619047,WB_BID,Benchmarking Infrastructure Development,0,Units,NUMBER,Number (real number),602,CCYY,A,Normal value,PU,Public
datastructure,WB.DATA360:DS_DATA360(1.2),I,A,Annual,HRV,Croatia,WB_BID_PPI_CMS,Public Private Partnerships (PPP) Benchmarking: Contract Management Score,_T,Total,_T,All age ranges or no breakdown by age,_T,Total,SCORE,Score,_Z,Not Applicable,_Z,Not Applicable,_Z,Not Applicable,2023,82.93650793650791,WB_BID,Benchmarking Infrastructure Development,0,Units,NUMBER,Number (real number),602,CCYY,A,Normal value,PU,Public
datastructure,WB.DATA360:DS_DATA360(1.2),I,A,Annual,CZE,Czechia,WB_BID_PPI_CMS,Public Private Partnerships (PPP) Benchmarking: Contract Management Score,_T,Total,_T,All age ranges or no breakdown by age,_T,Total,SCORE,Score,_Z,Not Applicable,_Z,Not Applicable,_Z,Not Applicable,2023,70.53571428571428,WB_BID,Benchmarking Infrastructure Development,0,Units,NUMBER,Number (real number),602,CCYY,A,Normal value,PU,Public
datastructure,WB.DATA360:DS_DATA360(1.2),I,A,Annual,DNK,Denmark,WB_BID_PPI_CMS,Public Private Partnerships (PPP) Benchmarking: Contract Management Score,_T,Total,_T,All age ranges or no breakdown by age,_T,Total,SCORE,Score,_Z,Not Applicable,_Z,Not Applicable,_Z,Not Applicable,2023,63.095238095238095,WB_BID,Benchmarking Infrastructure Development,0,Units,NUMBER,Number (real number),602,CCYY,A,Normal value,PU,Public
datastructure,WB.DATA360:DS_DATA360(1.2),I,A,Annual,DJI,Djibouti,WB_BID_PPI_CMS,Public Private Partnerships (PPP) Benchmarking: Contract Management Score,_T,Total,_T,All age ranges or no breakdown by age,_T,Total,SCORE,Score,_Z,Not Applicable,_Z,Not Applicable,_Z,Not Applicable,2023,79.06746031746032,WB_BID,Benchmarking Infrastructure Development,0,Units,NUMBER,Number (real number),602,CCYY,A,Normal value,PU,Public
datastructure,WB.DATA360:DS_DATA360(1.2),I,A,Annual,DOM,Dominican Republic,WB_BID_PPI_CMS,Public Private Partnerships (PPP) Benchmarking: Contract Management Score,_T,Total,_T,All age ranges or no breakdown by age,_T,Total,SCORE,Score,_Z,Not Applicable,_Z,Not Applicable,_Z,Not Applicable,2023,63.452380952380935,WB_BID,Benchmarking Infrastructure Development,0,Units,NUMBER,Number (real number),602,CCYY,A,Normal value,PU,Public
datastructure,WB.DATA360:DS_DATA360(1.2),I,A,Annual,ECU,Ecuador,WB_BID_PPI_CMS,Public Private Partnerships (PPP) Benchmarking: Contract Management Score,_T,Total,_T,All age ranges or no breakdown by age,_T,Total,SCORE,Score,_Z,Not Applicable,_Z,Not Applicable,_Z,Not Applicable,2023,64.62301587301586,WB_BID,Benchmarking Infrastructure Development,0,Units,NUMBER,Number (real number),602,CCYY,A,Normal value,PU,Public
datastructure,WB.DATA360:DS_DATA360(1.2),I,A,Annual,EGY,"Egypt, Arab Rep.",WB_BID_PPI_CMS,Public Private Partnerships (PPP) Benchmarking: Contract Management Score,_T,Total,_T,All age ranges or no breakdown by age,_T,Total,SCORE,Score,_Z,Not Applicable,_Z,Not Applicable,_Z,Not Applicable,2023,75.9126984126984,WB_BID,Benchmarking Infrastructure Development,0,Units,NUMBER,Number (real number),602,CCYY,A,Normal value,PU,Public
datastructure,WB.DATA360:DS_DATA360(1.2),I,A,Annual,SLV,El Salvador,WB_BID_PPI_CMS,Public Private Partnerships (PPP) Benchmarking: Contract Management Score,_T,Total,_T,All age ranges or no breakdown by age,_T,Total,SCORE,Score,_Z,Not Applicable,_Z,Not Applicable,_Z,Not Applicable,2023,92.28174603174602,WB_BID,Benchmarking Infrastructure Development,0,Units,NUMBER,Number (real number),602,CCYY,A,Normal value,PU,Public
datastructure,WB.DATA360:DS_DATA360(1.2),I,A,Annual,ERI,Eritrea,WB_BID_PPI_CMS,Public Private Partnerships (PPP) Benchmarking: Contract Management Score,_T,Total,_T,All age ranges or no breakdown by age,_T,Total,SCORE,Score,_Z,Not Applicable,_Z,Not Applicable,_Z,Not Applicable,2023,8.333333333333332,WB_BID,Benchmarking Infrastructure Development,0,Units,NUMBER,Number (real number),602,CCYY,A,Normal value,PU,Public
datastructure,WB.DATA360:DS_DATA360(1.2),I,A,Annual,EST,Estonia,WB_BID_PPI_CMS,Public Private Partnerships (PPP) Benchmarking: Contract Management Score,_T,Total,_T,All age ranges or no breakdown by age,_T,Total,SCORE,Score,_Z,Not Applicable,_Z,Not Applicable,_Z,Not Applicable,2023,38.33333333333333,WB_BID,Benchmarking Infrastructure Development,0,Units,NUMBER,Number (real number),602,CCYY,A,Normal value,PU,Public
datastructure,WB.DATA360:DS_DATA360(1.2),I,A,Annual,ETH,Ethiopia,WB_BID_PPI_CMS,Public Private Partnerships (PPP) Benchmarking: Contract Management Score,_T,Total,_T,All age ranges or no breakdown by age,_T,Total,SCORE,Score,_Z,Not Applicable,_Z,Not Applicable,_Z,Not Applicable,2023,54.9404761904762,WB_BID,Benchmarking Infrastructure Development,0,Units,NUMBER,Number (real number),602,CCYY,A,Normal value,PU,Public
datastructure,WB.DATA360:DS_DATA360(1.2),I,A,Annual,FIN,Finland,WB_BID_PPI_CMS,Public Private Partnerships (PPP) Benchmarking: Contract Management Score,_T,Total,_T,All age ranges or no breakdown by age,_T,Total,SCORE,Score,_Z,Not Applicable,_Z,Not Applicable,_Z,Not Applicable,2023,39.86111111111111,WB_BID,Benchmarking Infrastructure Development,0,Units,NUMBER,Number (real number),602,CCYY,A,Normal value,PU,Public
datastructure,WB.DATA360:DS_DATA360(1.2),I,A,Annual,FRA,France,WB_BID_PPI_CMS,Public Private Partnerships (PPP) Benchmarking: Contract Management Score,_T,Total,_T,All age ranges or no breakdown by age,_T,Total,SCORE,Score,_Z,Not Applicable,_Z,Not Applicable,_Z,Not Applicable,2023,68.80952380952378,WB_BID,Benchmarking Infrastructure Development,0,Units,NUMBER,Number (real number),602,CCYY,A,Normal value,PU,Public
datastructure,WB.DATA360:DS_DATA360(1.2),I,A,Annual,GAB,Gabon,WB_BID_PPI_CMS,Public Private Partnerships (PPP) Benchmarking: Contract Management Score,_T,Total,_T,All age ranges or no breakdown by age,_T,Total,SCORE,Score,_Z,Not Applicable,_Z,Not Applicable,_Z,Not Applicable,2023,57.85714285714286,WB_BID,Benchmarking Infrastructure Development,0,Units,NUMBER,Number (real number),602,CCYY,A,Normal value,PU,Public
datastructure,WB.DATA360:DS_DATA360(1.2),I,A,Annual,GEO,Georgia,WB_BID_PPI_CMS,Public Private Partnerships (PPP) Benchmarking: Contract Management Score,_T,Total,_T,All age ranges or no breakdown by age,_T,Total,SCORE,Score,_Z,Not Applicable,_Z,Not Applicable,_Z,Not Applicable,2023,79.18650793650791,WB_BID,Benchmarking Infrastructure Development,0,Units,NUMBER,Number (real number),602,CCYY,A,Normal value,PU,Public
datastructure,WB.DATA360:DS_DATA360(1.2),I,A,Annual,DEU,Germany,WB_BID_PPI_CMS,Public Private Partnerships (PPP) Benchmarking: Contract Management Score,_T,Total,_T,All age ranges or no breakdown by age,_T,Total,SCORE,Score,_Z,Not Applicable,_Z,Not Applicable,_Z,Not Applicable,2023,72.5595238095238,WB_BID,Benchmarking Infrastructure Development,0,Units,NUMBER,Number (real number),602,CCYY,A,Normal value,PU,Public
datastructure,WB.DATA360:DS_DATA360(1.2),I,A,Annual,GHA,Ghana,WB_BID_PPI_CMS,Public Private Partnerships (PPP) Benchmarking: Contract Management Score,_T,Total,_T,All age ranges or no breakdown by age,_T,Total,SCORE,Score,_Z,Not Applicable,_Z,Not Applicable,_Z,Not Applicable,2023,75.35714285714286,WB_BID,Benchmarking Infrastructure Development,0,Units,NUMBER,Number (real number),602,CCYY,A,Normal value,PU,Public
datastructure,WB.DATA360:DS_DATA360(1.2),I,A,Annual,GRC,Greece,WB_BID_PPI_CMS,Public Private Partnerships (PPP) Benchmarking: Contract Management Score,_T,Total,_T,All age ranges or no breakdown by age,_T,Total,SCORE,Score,_Z,Not Applicable,_Z,Not Applicable,_Z,Not Applicable,2023,74.18650793650792,WB_BID,Benchmarking Infrastructure Development,0,Units,NUMBER,Number (real number),602,CCYY,A,Normal value,PU,Public
datastructure,WB.DATA360:DS_DATA360(1.2),I,A,Annual,GTM,Guatemala,WB_BID_PPI_CMS,Public Private Partnerships (PPP) Benchmarking: Contract Management Score,_T,Total,_T,All age ranges or no breakdown by age,_T,Total,SCORE,Score,_Z,Not Applicable,_Z,Not Applicable,_Z,Not Applicable,2023,77.14285714285714,WB_BID,Benchmarking Infrastructure Development,0,Units,NUMBER,Number (real number),602,CCYY,A,Normal value,PU,Public
datastructure,WB.DATA360:DS_DATA360(1.2),I,A,Annual,GIN,Guinea,WB_BID_PPI_CMS,Public Private Partnerships (PPP) Benchmarking: Contract Management Score,_T,Total,_T,All age ranges or no breakdown by age,_T,Total,SCORE,Score,_Z,Not Applicable,_Z,Not Applicable,_Z,Not Applicable,2023,59.30555555555556,WB_BID,Benchmarking Infrastructure Development,0,Units,NUMBER,Number (real number),602,CCYY,A,Normal value,PU,Public
datastructure,WB.DATA360:DS_DATA360(1.2),I,A,Annual,HTI,Haiti,WB_BID_PPI_CMS,Public Private Partnerships (PPP) Benchmarking: Contract Management Score,_T,Total,_T,All age ranges or no breakdown by age,_T,Total,SCORE,Score,_Z,Not Applicable,_Z,Not Applicable,_Z,Not Applicable,2023,53.888888888888886,WB_BID,Benchmarking Infrastructure Development,0,Units,NUMBER,Number (real number),602,CCYY,A,Normal value,PU,Public
datastructure,WB.DATA360:DS_DATA360(1.2),I,A,Annual,HND,Honduras,WB_BID_PPI_CMS,Public Private Partnerships (PPP) Benchmarking: Contract Management Score,_T,Total,_T,All age ranges or no breakdown by age,_T,Total,SCORE,Score,_Z,Not Applicable,_Z,Not Applicable,_Z,Not Applicable,2023,70.53571428571428,WB_BID,Benchmarking Infrastructure Development,0,Units,NUMBER,Number (real number),602,CCYY,A,Normal value,PU,Public
datastructure,WB.DATA360:DS_DATA360(1.2),I,A,Annual,HUN,Hungary,WB_BID_PPI_CMS,Public Private Partnerships (PPP) Benchmarking: Contract Management Score,_T,Total,_T,All age ranges or no breakdown by age,_T,Total,SCORE,Score,_Z,Not Applicable,_Z,Not Applicable,_Z,Not Applicable,2023,67.79761904761905,WB_BID,Benchmarking Infrastructure Development,0,Units,NUMBER,Number (real number),602,CCYY,A,Normal value,PU,Public
datastructure,WB.DATA360:DS_DATA360(1.2),I,A,Annual,IND,India,WB_BID_PPI_CMS,Public Private Partnerships (PPP) Benchmarking: Contract Management Score,_T,Total,_T,All age ranges or no breakdown by age,_T,Total,SCORE,Score,_Z,Not Applicable,_Z,Not Applicable,_Z,Not Applicable,2023,84.78174603174602,WB_BID,Benchmarking Infrastructure Development,0,Units,NUMBER,Number (real number),602,CCYY,A,Normal value,PU,Public
datastructure,WB.DATA360:DS_DATA360(1.2),I,A,Annual,IDN,Indonesia,WB_BID_PPI_CMS,Public Private Partnerships (PPP) Benchmarking: Contract Management Score,_T,Total,_T,All age ranges or no breakdown by age,_T,Total,SCORE,Score,_Z,Not Applicable,_Z,Not Applicable,_Z,Not Applicable,2023,66.72619047619047,WB_BID,Benchmarking Infrastructure Development,0,Units,NUMBER,Number (real number),602,CCYY,A,Normal value,PU,Public
datastructure,WB.DATA360:DS_DATA360(1.2),I,A,Annual,IRN,"Iran, Islamic Rep.",WB_BID_PPI_CMS,Public Private Partnerships (PPP) Benchmarking: Contract Management Score,_T,Total,_T,All age ranges or no breakdown by age,_T,Total,SCORE,Score,_Z,Not Applicable,_Z,Not Applicable,_Z,Not Applicable,2023,51.468253968253975,WB_BID,Benchmarking Infrastructure Development,0,Units,NUMBER,Number (real number),602,CCYY,A,Normal value,PU,Public
datastructure,WB.DATA360:DS_DATA360(1.2),I,A,Annual,IRQ,Iraq,WB_BID_PPI_CMS,Public Private Partnerships (PPP) Benchmarking: Contract Management Score,_T,Total,_T,All age ranges or no breakdown by age,_T,Total,SCORE,Score,_Z,Not Applicable,_Z,Not Applicable,_Z,Not Applicable,2023,49.44444444444444,WB_BID,Benchmarking Infrastructure Development,0,Units,NUMBER,Number (real number),602,CCYY,A,Normal value,PU,Public
datastructure,WB.DATA360:DS_DATA360(1.2),I,A,Annual,IRL,Ireland,WB_BID_PPI_CMS,Public Private Partnerships (PPP) Benchmarking: Contract Management Score,_T,Total,_T,All age ranges or no breakdown by age,_T,Total,SCORE,Score,_Z,Not Applicable,_Z,Not Applicable,_Z,Not Applicable,2023,78.49206349206348,WB_BID,Benchmarking Infrastructure Development,0,Units,NUMBER,Number (real number),602,CCYY,A,Normal value,PU,Public
datastructure,WB.DATA360:DS_DATA360(1.2),I,A,Annual,ISR,Israel,WB_BID_PPI_CMS,Public Private Partnerships (PPP) Benchmarking: Contract Management Score,_T,Total,_T,All age ranges or no breakdown by age,_T,Total,SCORE,Score,_Z,Not Applicable,_Z,Not Applicable,_Z,Not Applicable,2023,38.33333333333333,WB_BID,Benchmarking Infrastructure Development,0,Units,NUMBER,Number (real number),602,CCYY,A,Normal value,PU,Public
datastructure,WB.DATA360:DS_DATA360(1.2),I,A,Annual,ITA,Italy,WB_BID_PPI_CMS,Public Private Partnerships (PPP) Benchmarking: Contract Management Score,_T,Total,_T,All age ranges or no breakdown by age,_T,Total,SCORE,Score,_Z,Not Applicable,_Z,Not Applicable,_Z,Not Applicable,2023,89.88095238095238,WB_BID,Benchmarking Infrastructure Development,0,Units,NUMBER,Number (real number),602,CCYY,A,Normal value,PU,Public
datastructure,WB.DATA360:DS_DATA360(1.2),I,A,Annual,JAM,Jamaica,WB_BID_PPI_CMS,Public Private Partnerships (PPP) Benchmarking: Contract Management Score,_T,Total,_T,All age ranges or no breakdown by age,_T,Total,SCORE,Score,_Z,Not Applicable,_Z,Not Applicable,_Z,Not Applicable,2023,58.5515873015873,WB_BID,Benchmarking Infrastructure Development,0,Units,NUMBER,Number (real number),602,CCYY,A,Normal value,PU,Public
datastructure,WB.DATA360:DS_DATA360(1.2),I,A,Annual,JPN,Japan,WB_BID_PPI_CMS,Public Private Partnerships (PPP) Benchmarking: Contract Management Score,_T,Total,_T,All age ranges or no breakdown by age,_T,Total,SCORE,Score,_Z,Not Applicable,_Z,Not Applicable,_Z,Not Applicable,2023,73.35317460317458,WB_BID,Benchmarking Infrastructure Development,0,Units,NUMBER,Number (real number),602,CCYY,A,Normal value,PU,Public
datastructure,WB.DATA360:DS_DATA360(1.2),I,A,Annual,JOR,Jordan,WB_BID_PPI_CMS,Public Private Partnerships (PPP) Benchmarking: Contract Management Score,_T,Total,_T,All age ranges or no breakdown by age,_T,Total,SCORE,Score,_Z,Not Applicable,_Z,Not Applicable,_Z,Not Applicable,2023,74.14682539682538,WB_BID,Benchmarking Infrastructure Development,0,Units,NUMBER,Number (real number),602,CCYY,A,Normal value,PU,Public
datastructure,WB.DATA360:DS_DATA360(1.2),I,A,Annual,KAZ,Kazakhstan,WB_BID_PPI_CMS,Public Private Partnerships (PPP) Benchmarking: Contract Management Score,_T,Total,_T,All age ranges or no breakdown by age,_T,Total,SCORE,Score,_Z,Not Applicable,_Z,Not Applicable,_Z,Not Applicable,2023,61.765873015873005,WB_BID,Benchmarking Infrastructure Development,0,Units,NUMBER,Number (real number),602,CCYY,A,Normal value,PU,Public
datastructure,WB.DATA360:DS_DATA360(1.2),I,A,Annual,KEN,Kenya,WB_BID_PPI_CMS,Public Private Partnerships (PPP) Benchmarking: Contract Management Score,_T,Total,_T,All age ranges or no breakdown by age,_T,Total,SCORE,Score,_Z,Not Applicable,_Z,Not Applicable,_Z,Not Applicable,2023,71.74603174603172,WB_BID,Benchmarking Infrastructure Development,0,Units,NUMBER,Number (real number),602,CCYY,A,Normal value,PU,Public
datastructure,WB.DATA360:DS_DATA360(1.2),I,A,Annual,KOR,"Korea, Rep.",WB_BID_PPI_CMS,Public Private Partnerships (PPP) Benchmarking: Contract Management Score,_T,Total,_T,All age ranges or no breakdown by age,_T,Total,SCORE,Score,_Z,Not Applicable,_Z,Not Applicable,_Z,Not Applicable,2023,70.35714285714283,WB_BID,Benchmarking Infrastructure Development,0,Units,NUMBER,Number (real number),602,CCYY,A,Normal value,PU,Public
datastructure,WB.DATA360:DS_DATA360(1.2),I,A,Annual,XKX,Kosovo,WB_BID_PPI_CMS,Public Private Partnerships (PPP) Benchmarking: Contract Management Score,_T,Total,_T,All age ranges or no breakdown by age,_T,Total,SCORE,Score,_Z,Not Applicable,_Z,Not Applicable,_Z,Not Applicable,2023,64.38492063492063,WB_BID,Benchmarking Infrastructure Development,0,Units,NUMBER,Number (real number),602,CCYY,A,Normal value,PU,Public
datastructure,WB.DATA360:DS_DATA360(1.2),I,A,Annual,KWT,Kuwait,WB_BID_PPI_CMS,Public Private Partnerships (PPP) Benchmarking: Contract Management Score,_T,Total,_T,All age ranges or no breakdown by age,_T,Total,SCORE,Score,_Z,Not Applicable,_Z,Not Applicable,_Z,Not Applicable,2023,76.09126984126982,WB_BID,Benchmarking Infrastructure Development,0,Units,NUMBER,Number (real number),602,CCYY,A,Normal value,PU,Public
datastructure,WB.DATA360:DS_DATA360(1.2),I,A,Annual,KGZ,Kyrgyz Republic,WB_BID_PPI_CMS,Public Private Partnerships (PPP) Benchmarking: Contract Management Score,_T,Total,_T,All age ranges or no breakdown by age,_T,Total,SCORE,Score,_Z,Not Applicable,_Z,Not Applicable,_Z,Not Applicable,2023,47.02380952380952,WB_BID,Benchmarking Infrastructure Development,0,Units,NUMBER,Number (real number),602,CCYY,A,Normal value,PU,Public
datastructure,WB.DATA360:DS_DATA360(1.2),I,A,Annual,LAO,Lao PDR,WB_BID_PPI_CMS,Public Private Partnerships (PPP) Benchmarking: Contract Management Score,_T,Total,_T,All age ranges or no breakdown by age,_T,Total,SCORE,Score,_Z,Not Applicable,_Z,Not Applicable,_Z,Not Applicable,2023,56.23015873015873,WB_BID,Benchmarking Infrastructure Development,0,Units,NUMBER,Number (real number),602,CCYY,A,Normal value,PU,Public
datastructure,WB.DATA360:DS_DATA360(1.2),I,A,Annual,LVA,Latvia,WB_BID_PPI_CMS,Public Private Partnerships (PPP) Benchmarking: Contract Management Score,_T,Total,_T,All age ranges or no breakdown by age,_T,Total,SCORE,Score,_Z,Not Applicable,_Z,Not Applicable,_Z,Not Applicable,2023,76.36904761904759,WB_BID,Benchmarking Infrastructure Development,0,Units,NUMBER,Number (real number),602,CCYY,A,Normal value,PU,Public
datastructure,WB.DATA360:DS_DATA360(1.2),I,A,Annual,LBN,Lebanon,WB_BID_PPI_CMS,Public Private Partnerships (PPP) Benchmarking: Contract Management Score,_T,Total,_T,All age ranges or no breakdown by age,_T,Total,SCORE,Score,_Z,Not Applicable,_Z,Not Applicable,_Z,Not Applicable,2023,59.46428571428572,WB_BID,Benchmarking Infrastructure Development,0,Units,NUMBER,Number (real number),602,CCYY,A,Normal value,PU,Public
datastructure,WB.DATA360:DS_DATA360(1.2),I,A,Annual,LTU,Lithuania,WB_BID_PPI_CMS,Public Private Partnerships (PPP) Benchmarking: Contract Management Score,_T,Total,_T,All age ranges or no breakdown by age,_T,Total,SCORE,Score,_Z,Not Applicable,_Z,Not Applicable,_Z,Not Applicable,2023,91.13095238095237,WB_BID,Benchmarking Infrastructure Development,0,Units,NUMBER,Number (real number),602,CCYY,A,Normal value,PU,Public
datastructure,WB.DATA360:DS_DATA360(1.2),I,A,Annual,MDG,Madagascar,WB_BID_PPI_CMS,Public Private Partnerships (PPP) Benchmarking: Contract Management Score,_T,Total,_T,All age ranges or no breakdown by age,_T,Total,SCORE,Score,_Z,Not Applicable,_Z,Not Applicable,_Z,Not Applicable,2023,84.08730158730157,WB_BID,Benchmarking Infrastructure Development,0,Units,NUMBER,Number (real number),602,CCYY,A,Normal value,PU,Public
datastructure,WB.DATA360:DS_DATA360(1.2),I,A,Annual,MWI,Malawi,WB_BID_PPI_CMS,Public Private Partnerships (PPP) Benchmarking: Contract Management Score,_T,Total,_T,All age ranges or no breakdown by age,_T,Total,SCORE,Score,_Z,Not Applicable,_Z,Not Applicable,_Z,Not Applicable,2023,67.00396825396825,WB_BID,Benchmarking Infrastructure Development,0,Units,NUMBER,Number (real number),602,CCYY,A,Normal value,PU,Public
datastructure,WB.DATA360:DS_DATA360(1.2),I,A,Annual,MYS,Malaysia,WB_BID_PPI_CMS,Public Private Partnerships (PPP) Benchmarking: Contract Management Score,_T,Total,_T,All age ranges or no breakdown by age,_T,Total,SCORE,Score,_Z,Not Applicable,_Z,Not Applicable,_Z,Not Applicable,2023,31.25,WB_BID,Benchmarking Infrastructure Development,0,Units,NUMBER,Number (real number),602,CCYY,A,Normal value,PU,Public
datastructure,WB.DATA360:DS_DATA360(1.2),I,A,Annual,MLI,Mali,WB_BID_PPI_CMS,Public Private Partnerships (PPP) Benchmarking: Contract Management Score,_T,Total,_T,All age ranges or no breakdown by age,_T,Total,SCORE,Score,_Z,Not Applicable,_Z,Not Applicable,_Z,Not Applicable,2023,74.92063492063491,WB_BID,Benchmarking Infrastructure Development,0,Units,NUMBER,Number (real number),602,CCYY,A,Normal value,PU,Public
datastructure,WB.DATA360:DS_DATA360(1.2),I,A,Annual,MUS,Mauritius,WB_BID_PPI_CMS,Public Private Partnerships (PPP) Benchmarking: Contract Management Score,_T,Total,_T,All age ranges or no breakdown by age,_T,Total,SCORE,Score,_Z,Not Applicable,_Z,Not Applicable,_Z,Not Applicable,2023,63.41269841269842,WB_BID,Benchmarking Infrastructure Development,0,Units,NUMBER,Number (real number),602,CCYY,A,Normal value,PU,Public
datastructure,WB.DATA360:DS_DATA360(1.2),I,A,Annual,MEX,Mexico,WB_BID_PPI_CMS,Public Private Partnerships (PPP) Benchmarking: Contract Management Score,_T,Total,_T,All age ranges or no breakdown by age,_T,Total,SCORE,Score,_Z,Not Applicable,_Z,Not Applicable,_Z,Not Applicable,2023,86.30952380952378,WB_BID,Benchmarking Infrastructure Development,0,Units,NUMBER,Number (real number),602,CCYY,A,Normal value,PU,Public
datastructure,WB.DATA360:DS_DATA360(1.2),I,A,Annual,MDA,Moldova,WB_BID_PPI_CMS,Public Private Partnerships (PPP) Benchmarking: Contract Management Score,_T,Total,_T,All age ranges or no breakdown by age,_T,Total,SCORE,Score,_Z,Not Applicable,_Z,Not Applicable,_Z,Not Applicable,2023,63.59126984126985,WB_BID,Benchmarking Infrastructure Development,0,Units,NUMBER,Number (real number),602,CCYY,A,Normal value,PU,Public
datastructure,WB.DATA360:DS_DATA360(1.2),I,A,Annual,MNG,Mongolia,WB_BID_PPI_CMS,Public Private Partnerships (PPP) Benchmarking: Contract Management Score,_T,Total,_T,All age ranges or no breakdown by age,_T,Total,SCORE,Score,_Z,Not Applicable,_Z,Not Applicable,_Z,Not Applicable,2023,66.0515873015873,WB_BID,Benchmarking Infrastructure Development,0,Units,NUMBER,Number (real number),602,CCYY,A,Normal value,PU,Public
datastructure,WB.DATA360:DS_DATA360(1.2),I,A,Annual,MNE,Montenegro,WB_BID_PPI_CMS,Public Private Partnerships (PPP) Benchmarking: Contract Management Score,_T,Total,_T,All age ranges or no breakdown by age,_T,Total,SCORE,Score,_Z,Not Applicable,_Z,Not Applicable,_Z,Not Applicable,2023,66.25,WB_BID,Benchmarking Infrastructure Development,0,Units,NUMBER,Number (real number),602,CCYY,A,Normal value,PU,Public
datastructure,WB.DATA360:DS_DATA360(1.2),I,A,Annual,MAR,Morocco,WB_BID_PPI_CMS,Public Private Partnerships (PPP) Benchmarking: Contract Management Score,_T,Total,_T,All age ranges or no breakdown by age,_T,Total,SCORE,Score,_Z,Not Applicable,_Z,Not Applicable,_Z,Not Applicable,2023,70.15873015873014,WB_BID,Benchmarking Infrastructure Development,0,Units,NUMBER,Number (real number),602,CCYY,A,Normal value,PU,Public
datastructure,WB.DATA360:DS_DATA360(1.2),I,A,Annual,MOZ,Mozambique,WB_BID_PPI_CMS,Public Private Partnerships (PPP) Benchmarking: Contract Management Score,_T,Total,_T,All age ranges or no breakdown by age,_T,Total,SCORE,Score,_Z,Not Applicable,_Z,Not Applicable,_Z,Not Applicable,2023,62.063492063492056,WB_BID,Benchmarking Infrastructure Development,0,Units,NUMBER,Number (real number),602,CCYY,A,Normal value,PU,Public
datastructure,WB.DATA360:DS_DATA360(1.2),I,A,Annual,NPL,Nepal,WB_BID_PPI_CMS,Public Private Partnerships (PPP) Benchmarking: Contract Management Score,_T,Total,_T,All age ranges or no breakdown by age,_T,Total,SCORE,Score,_Z,Not Applicable,_Z,Not Applicable,_Z,Not Applicable,2023,58.23412698412699,WB_BID,Benchmarking Infrastructure Development,0,Units,NUMBER,Number (real number),602,CCYY,A,Normal value,PU,Public
datastructure,WB.DATA360:DS_DATA360(1.2),I,A,Annual,NLD,Netherlands,WB_BID_PPI_CMS,Public Private Partnerships (PPP) Benchmarking: Contract Management Score,_T,Total,_T,All age ranges or no breakdown by age,_T,Total,SCORE,Score,_Z,Not Applicable,_Z,Not Applicable,_Z,Not Applicable,2023,74.50396825396824,WB_BID,Benchmarking Infrastructure Development,0,Units,NUMBER,Number (real number),602,CCYY,A,Normal value,PU,Public
datastructure,WB.DATA360:DS_DATA360(1.2),I,A,Annual,NZL,New Zealand,WB_BID_PPI_CMS,Public Private Partnerships (PPP) Benchmarking: Contract Management Score,_T,Total,_T,All age ranges or no breakdown by age,_T,Total,SCORE,Score,_Z,Not Applicable,_Z,Not Applicable,_Z,Not Applicable,2023,78.9484126984127,WB_BID,Benchmarking Infrastructure Development,0,Units,NUMBER,Number (real number),602,CCYY,A,Normal value,PU,Public
datastructure,WB.DATA360:DS_DATA360(1.2),I,A,Annual,NIC,Nicaragua,WB_BID_PPI_CMS,Public Private Partnerships (PPP) Benchmarking: Contract Management Score,_T,Total,_T,All age ranges or no breakdown by age,_T,Total,SCORE,Score,_Z,Not Applicable,_Z,Not Applicable,_Z,Not Applicable,2023,74.6031746031746,WB_BID,Benchmarking Infrastructure Development,0,Units,NUMBER,Number (real number),602,CCYY,A,Normal value,PU,Public
datastructure,WB.DATA360:DS_DATA360(1.2),I,A,Annual,NER,Niger,WB_BID_PPI_CMS,Public Private Partnerships (PPP) Benchmarking: Contract Management Score,_T,Total,_T,All age ranges or no breakdown by age,_T,Total,SCORE,Score,_Z,Not Applicable,_Z,Not Applicable,_Z,Not Applicable,2023,67.93650793650792,WB_BID,Benchmarking Infrastructure Development,0,Units,NUMBER,Number (real number),602,CCYY,A,Normal value,PU,Public
datastructure,WB.DATA360:DS_DATA360(1.2),I,A,Annual,NGA,Nigeria,WB_BID_PPI_CMS,Public Private Partnerships (PPP) Benchmarking: Contract Management Score,_T,Total,_T,All age ranges or no breakdown by age,_T,Total,SCORE,Score,_Z,Not Applicable,_Z,Not Applicable,_Z,Not Applicable,2023,60.97222222222221,WB_BID,Benchmarking Infrastructure Development,0,Units,NUMBER,Number (real number),602,CCYY,A,Normal value,PU,Public
datastructure,WB.DATA360:DS_DATA360(1.2),I,A,Annual,MKD,North Macedonia,WB_BID_PPI_CMS,Public Private Partnerships (PPP) Benchmarking: Contract Management Score,_T,Total,_T,All age ranges or no breakdown by age,_T,Total,SCORE,Score,_Z,Not Applicable,_Z,Not Applicable,_Z,Not Applicable,2023,67.91666666666666,WB_BID,Benchmarking Infrastructure Development,0,Units,NUMBER,Number (real number),602,CCYY,A,Normal value,PU,Public
datastructure,WB.DATA360:DS_DATA360(1.2),I,A,Annual,PAK,Pakistan,WB_BID_PPI_CMS,Public Private Partnerships (PPP) Benchmarking: Contract Management Score,_T,Total,_T,All age ranges or no breakdown by age,_T,Total,SCORE,Score,_Z,Not Applicable,_Z,Not Applicable,_Z,Not Applicable,2023,74.38492063492062,WB_BID,Benchmarking Infrastructure Development,0,Units,NUMBER,Number (real number),602,CCYY,A,Normal value,PU,Public
datastructure,WB.DATA360:DS_DATA360(1.2),I,A,Annual,PAN,Panama,WB_BID_PPI_CMS,Public Private Partnerships (PPP) Benchmarking: Contract Management Score,_T,Total,_T,All age ranges or no breakdown by age,_T,Total,SCORE,Score,_Z,Not Applicable,_Z,Not Applicable,_Z,Not Applicable,2023,89.58333333333331,WB_BID,Benchmarking Infrastructure Development,0,Units,NUMBER,Number (real number),602,CCYY,A,Normal value,PU,Public
datastructure,WB.DATA360:DS_DATA360(1.2),I,A,Annual,PNG,Papua New Guinea,WB_BID_PPI_CMS,Public Private Partnerships (PPP) Benchmarking: Contract Management Score,_T,Total,_T,All age ranges or no breakdown by age,_T,Total,SCORE,Score,_Z,Not Applicable,_Z,Not Applicable,_Z,Not Applicable,2023,36.25,WB_BID,Benchmarking Infrastructure Development,0,Units,NUMBER,Number (real number),602,CCYY,A,Normal value,PU,Public
datastructure,WB.DATA360:DS_DATA360(1.2),I,A,Annual,PRY,Paraguay,WB_BID_PPI_CMS,Public Private Partnerships (PPP) Benchmarking: Contract Management Score,_T,Total,_T,All age ranges or no breakdown by age,_T,Total,SCORE,Score,_Z,Not Applicable,_Z,Not Applicable,_Z,Not Applicable,2023,87.42063492063492,WB_BID,Benchmarking Infrastructure Development,0,Units,NUMBER,Number (real number),602,CCYY,A,Normal value,PU,Public
datastructure,WB.DATA360:DS_DATA360(1.2),I,A,Annual,PER,Peru,WB_BID_PPI_CMS,Public Private Partnerships (PPP) Benchmarking: Contract Management Score,_T,Total,_T,All age ranges or no breakdown by age,_T,Total,SCORE,Score,_Z,Not Applicable,_Z,Not Applicable,_Z,Not Applicable,2023,86.4484126984127,WB_BID,Benchmarking Infrastructure Development,0,Units,NUMBER,Number (real number),602,CCYY,A,Normal value,PU,Public
datastructure,WB.DATA360:DS_DATA360(1.2),I,A,Annual,PHL,Philippines,WB_BID_PPI_CMS,Public Private Partnerships (PPP) Benchmarking: Contract Management Score,_T,Total,_T,All age ranges or no breakdown by age,_T,Total,SCORE,Score,_Z,Not Applicable,_Z,Not Applicable,_Z,Not Applicable,2023,94.82142857142856,WB_BID,Benchmarking Infrastructure Development,0,Units,NUMBER,Number (real number),602,CCYY,A,Normal value,PU,Public
datastructure,WB.DATA360:DS_DATA360(1.2),I,A,Annual,POL,Poland,WB_BID_PPI_CMS,Public Private Partnerships (PPP) Benchmarking: Contract Management Score,_T,Total,_T,All age ranges or no breakdown by age,_T,Total,SCORE,Score,_Z,Not Applicable,_Z,Not Applicable,_Z,Not Applicable,2023,75.15873015873015,WB_BID,Benchmarking Infrastructure Development,0,Units,NUMBER,Number (real number),602,CCYY,A,Normal value,PU,Public
datastructure,WB.DATA360:DS_DATA360(1.2),I,A,Annual,PRT,Portugal,WB_BID_PPI_CMS,Public Private Partnerships (PPP) Benchmarking: Contract Management Score,_T,Total,_T,All age ranges or no breakdown by age,_T,Total,SCORE,Score,_Z,Not Applicable,_Z,Not Applicable,_Z,Not Applicable,2023,77.97619047619045,WB_BID,Benchmarking Infrastructure Development,0,Units,NUMBER,Number (real number),602,CCYY,A,Normal value,PU,Public
datastructure,WB.DATA360:DS_DATA360(1.2),I,A,Annual,QAT,Qatar,WB_BID_PPI_CMS,Public Private Partnerships (PPP) Benchmarking: Contract Management Score,_T,Total,_T,All age ranges or no breakdown by age,_T,Total,SCORE,Score,_Z,Not Applicable,_Z,Not Applicable,_Z,Not Applicable,2023,45.95238095238096,WB_BID,Benchmarking Infrastructure Development,0,Units,NUMBER,Number (real number),602,CCYY,A,Normal value,PU,Public
datastructure,WB.DATA360:DS_DATA360(1.2),I,A,Annual,ROU,Romania,WB_BID_PPI_CMS,Public Private Partnerships (PPP) Benchmarking: Contract Management Score,_T,Total,_T,All age ranges or no breakdown by age,_T,Total,SCORE,Score,_Z,Not Applicable,_Z,Not Applicable,_Z,Not Applicable,2023,79.00793650793648,WB_BID,Benchmarking Infrastructure Development,0,Units,NUMBER,Number (real number),602,CCYY,A,Normal value,PU,Public
datastructure,WB.DATA360:DS_DATA360(1.2),I,A,Annual,RWA,Rwanda,WB_BID_PPI_CMS,Public Private Partnerships (PPP) Benchmarking: Contract Management Score,_T,Total,_T,All age ranges or no breakdown by age,_T,Total,SCORE,Score,_Z,Not Applicable,_Z,Not Applicable,_Z,Not Applicable,2023,54.9404761904762,WB_BID,Benchmarking Infrastructure Development,0,Units,NUMBER,Number (real number),602,CCYY,A,Normal value,PU,Public
datastructure,WB.DATA360:DS_DATA360(1.2),I,A,Annual,WSM,Samoa,WB_BID_PPI_CMS,Public Private Partnerships (PPP) Benchmarking: Contract Management Score,_T,Total,_T,All age ranges or no breakdown by age,_T,Total,SCORE,Score,_Z,Not Applicable,_Z,Not Applicable,_Z,Not Applicable,2023,51.94444444444445,WB_BID,Benchmarking Infrastructure Development,0,Units,NUMBER,Number (real number),602,CCYY,A,Normal value,PU,Public
datastructure,WB.DATA360:DS_DATA360(1.2),I,A,Annual,SAU,Saudi Arabia,WB_BID_PPI_CMS,Public Private Partnerships (PPP) Benchmarking: Contract Management Score,_T,Total,_T,All age ranges or no breakdown by age,_T,Total,SCORE,Score,_Z,Not Applicable,_Z,Not Applicable,_Z,Not Applicable,2023,77.22222222222221,WB_BID,Benchmarking Infrastructure Development,0,Units,NUMBER,Number (real number),602,CCYY,A,Normal value,PU,Public
datastructure,WB.DATA360:DS_DATA360(1.2),I,A,Annual,SEN,Senegal,WB_BID_PPI_CMS,Public Private Partnerships (PPP) Benchmarking: Contract Management Score,_T,Total,_T,All age ranges or no breakdown by age,_T,Total,SCORE,Score,_Z,Not Applicable,_Z,Not Applicable,_Z,Not Applicable,2023,77.97619047619045,WB_BID,Benchmarking Infrastructure Development,0,Units,NUMBER,Number (real number),602,CCYY,A,Normal value,PU,Public
datastructure,WB.DATA360:DS_DATA360(1.2),I,A,Annual,SRB,Serbia,WB_BID_PPI_CMS,Public Private Partnerships (PPP) Benchmarking: Contract Management Score,_T,Total,_T,All age ranges or no breakdown by age,_T,Total,SCORE,Score,_Z,Not Applicable,_Z,Not Applicable,_Z,Not Applicable,2023,67.79761904761904,WB_BID,Benchmarking Infrastructure Development,0,Units,NUMBER,Number (real number),602,CCYY,A,Normal value,PU,Public
datastructure,WB.DATA360:DS_DATA360(1.2),I,A,Annual,SLE,Sierra Leone,WB_BID_PPI_CMS,Public Private Partnerships (PPP) Benchmarking: Contract Management Score,_T,Total,_T,All age ranges or no breakdown by age,_T,Total,SCORE,Score,_Z,Not Applicable,_Z,Not Applicable,_Z,Not Applicable,2023,67.53968253968253,WB_BID,Benchmarking Infrastructure Development,0,Units,NUMBER,Number (real number),602,CCYY,A,Normal value,PU,Public
datastructure,WB.DATA360:DS_DATA360(1.2),I,A,Annual,SGP,Singapore,WB_BID_PPI_CMS,Public Private Partnerships (PPP) Benchmarking: Contract Management Score,_T,Total,_T,All age ranges or no breakdown by age,_T,Total,SCORE,Score,_Z,Not Applicable,_Z,Not Applicable,_Z,Not Applicable,2023,67.55952380952381,WB_BID,Benchmarking Infrastructure Development,0,Units,NUMBER,Number (real number),602,CCYY,A,Normal value,PU,Public
datastructure,WB.DATA360:DS_DATA360(1.2),I,A,Annual,SVK,Slovak Republic,WB_BID_PPI_CMS,Public Private Partnerships (PPP) Benchmarking: Contract Management Score,_T,Total,_T,All age ranges or no breakdown by age,_T,Total,SCORE,Score,_Z,Not Applicable,_Z,Not Applicable,_Z,Not Applicable,2023,77.4206349206349,WB_BID,Benchmarking Infrastructure Development,0,Units,NUMBER,Number (real number),602,CCYY,A,Normal value,PU,Public
datastructure,WB.DATA360:DS_DATA360(1.2),I,A,Annual,SVN,Slovenia,WB_BID_PPI_CMS,Public Private Partnerships (PPP) Benchmarking: Contract Management Score,_T,Total,_T,All age ranges or no breakdown by age,_T,Total,SCORE,Score,_Z,Not Applicable,_Z,Not Applicable,_Z,Not Applicable,2023,51.408730158730165,WB_BID,Benchmarking Infrastructure Development,0,Units,NUMBER,Number (real number),602,CCYY,A,Normal value,PU,Public
datastructure,WB.DATA360:DS_DATA360(1.2),I,A,Annual,SLB,Solomon Islands,WB_BID_PPI_CMS,Public Private Partnerships (PPP) Benchmarking: Contract Management Score,_T,Total,_T,All age ranges or no breakdown by age,_T,Total,SCORE,Score,_Z,Not Applicable,_Z,Not Applicable,_Z,Not Applicable,2023,33.92857142857142,WB_BID,Benchmarking Infrastructure Development,0,Units,NUMBER,Number (real number),602,CCYY,A,Normal value,PU,Public
datastructure,WB.DATA360:DS_DATA360(1.2),I,A,Annual,SOM,Somalia,WB_BID_PPI_CMS,Public Private Partnerships (PPP) Benchmarking: Contract Management Score,_T,Total,_T,All age ranges or no breakdown by age,_T,Total,SCORE,Score,_Z,Not Applicable,_Z,Not Applicable,_Z,Not Applicable,2023,64.70238095238095,WB_BID,Benchmarking Infrastructure Development,0,Units,NUMBER,Number (real number),602,CCYY,A,Normal value,PU,Public
datastructure,WB.DATA360:DS_DATA360(1.2),I,A,Annual,ZAF,South Africa,WB_BID_PPI_CMS,Public Private Partnerships (PPP) Benchmarking: Contract Management Score,_T,Total,_T,All age ranges or no breakdown by age,_T,Total,SCORE,Score,_Z,Not Applicable,_Z,Not Applicable,_Z,Not Applicable,2023,82.14285714285711,WB_BID,Benchmarking Infrastructure Development,0,Units,NUMBER,Number (real number),602,CCYY,A,Normal value,PU,Public
datastructure,WB.DATA360:DS_DATA360(1.2),I,A,Annual,ESP,Spain,WB_BID_PPI_CMS,Public Private Partnerships (PPP) Benchmarking: Contract Management Score,_T,Total,_T,All age ranges or no breakdown by age,_T,Total,SCORE,Score,_Z,Not Applicable,_Z,Not Applicable,_Z,Not Applicable,2023,79.42460317460315,WB_BID,Benchmarking Infrastructure Development,0,Units,NUMBER,Number (real number),602,CCYY,A,Normal value,PU,Public
datastructure,WB.DATA360:DS_DATA360(1.2),I,A,Annual,LKA,Sri Lanka,WB_BID_PPI_CMS,Public Private Partnerships (PPP) Benchmarking: Contract Management Score,_T,Total,_T,All age ranges or no breakdown by age,_T,Total,SCORE,Score,_Z,Not Applicable,_Z,Not Applicable,_Z,Not Applicable,2023,57.38095238095239,WB_BID,Benchmarking Infrastructure Development,0,Units,NUMBER,Number (real number),602,CCYY,A,Normal value,PU,Public
datastructure,WB.DATA360:DS_DATA360(1.2),I,A,Annual,SDN,Sudan,WB_BID_PPI_CMS,Public Private Partnerships (PPP) Benchmarking: Contract Management Score,_T,Total,_T,All age ranges or no breakdown by age,_T,Total,SCORE,Score,_Z,Not Applicable,_Z,Not Applicable,_Z,Not Applicable,2023,57.480158730158735,WB_BID,Benchmarking Infrastructure Development,0,Units,NUMBER,Number (real number),602,CCYY,A,Normal value,PU,Public
datastructure,WB.DATA360:DS_DATA360(1.2),I,A,Annual,SWE,Sweden,WB_BID_PPI_CMS,Public Private Partnerships (PPP) Benchmarking: Contract Management Score,_T,Total,_T,All age ranges or no breakdown by age,_T,Total,SCORE,Score,_Z,Not Applicable,_Z,Not Applicable,_Z,Not Applicable,2023,38.33333333333333,WB_BID,Benchmarking Infrastructure Development,0,Units,NUMBER,Number (real number),602,CCYY,A,Normal value,PU,Public
datastructure,WB.DATA360:DS_DATA360(1.2),I,A,Annual,CHE,Switzerland,WB_BID_PPI_CMS,Public Private Partnerships (PPP) Benchmarking: Contract Management Score,_T,Total,_T,All age ranges or no breakdown by age,_T,Total,SCORE,Score,_Z,Not Applicable,_Z,Not Applicable,_Z,Not Applicable,2023,25.0,WB_BID,Benchmarking Infrastructure Development,0,Units,NUMBER,Number (real number),602,CCYY,A,Normal value,PU,Public
datastructure,WB.DATA360:DS_DATA360(1.2),I,A,Annual,TJK,Tajikistan,WB_BID_PPI_CMS,Public Private Partnerships (PPP) Benchmarking: Contract Management Score,_T,Total,_T,All age ranges or no breakdown by age,_T,Total,SCORE,Score,_Z,Not Applicable,_Z,Not Applicable,_Z,Not Applicable,2023,57.02380952380952,WB_BID,Benchmarking Infrastructure Development,0,Units,NUMBER,Number (real number),602,CCYY,A,Normal value,PU,Public
datastructure,WB.DATA360:DS_DATA360(1.2),I,A,Annual,TZA,Tanzania,WB_BID_PPI_CMS,Public Private Partnerships (PPP) Benchmarking: Contract Management Score,_T,Total,_T,All age ranges or no breakdown by age,_T,Total,SCORE,Score,_Z,Not Applicable,_Z,Not Applicable,_Z,Not Applicable,2023,59.08730158730159,WB_BID,Benchmarking Infrastructure Development,0,Units,NUMBER,Number (real number),602,CCYY,A,Normal value,PU,Public
datastructure,WB.DATA360:DS_DATA360(1.2),I,A,Annual,THA,Thailand,WB_BID_PPI_CMS,Public Private Partnerships (PPP) Benchmarking: Contract Management Score,_T,Total,_T,All age ranges or no breakdown by age,_T,Total,SCORE,Score,_Z,Not Applicable,_Z,Not Applicable,_Z,Not Applicable,2023,63.51190476190476,WB_BID,Benchmarking Infrastructure Development,0,Units,NUMBER,Number (real number),602,CCYY,A,Normal value,PU,Public
datastructure,WB.DATA360:DS_DATA360(1.2),I,A,Annual,TLS,Timor-Leste,WB_BID_PPI_CMS,Public Private Partnerships (PPP) Benchmarking: Contract Management Score,_T,Total,_T,All age ranges or no breakdown by age,_T,Total,SCORE,Score,_Z,Not Applicable,_Z,Not Applicable,_Z,Not Applicable,2023,49.86111111111112,WB_BID,Benchmarking Infrastructure Development,0,Units,NUMBER,Number (real number),602,CCYY,A,Normal value,PU,Public
datastructure,WB.DATA360:DS_DATA360(1.2),I,A,Annual,TGO,Togo,WB_BID_PPI_CMS,Public Private Partnerships (PPP) Benchmarking: Contract Management Score,_T,Total,_T,All age ranges or no breakdown by age,_T,Total,SCORE,Score,_Z,Not Applicable,_Z,Not Applicable,_Z,Not Applicable,2023,72.69841269841267,WB_BID,Benchmarking Infrastructure Development,0,Units,NUMBER,Number (real number),602,CCYY,A,Normal value,PU,Public
datastructure,WB.DATA360:DS_DATA360(1.2),I,A,Annual,TON,Tonga,WB_BID_PPI_CMS,Public Private Partnerships (PPP) Benchmarking: Contract Management Score,_T,Total,_T,All age ranges or no breakdown by age,_T,Total,SCORE,Score,_Z,Not Applicable,_Z,Not Applicable,_Z,Not Applicable,2023,20.833333333333336,WB_BID,Benchmarking Infrastructure Development,0,Units,NUMBER,Number (real number),602,CCYY,A,Normal value,PU,Public
datastructure,WB.DATA360:DS_DATA360(1.2),I,A,Annual,TTO,Trinidad and Tobago,WB_BID_PPI_CMS,Public Private Partnerships (PPP) Benchmarking: Contract Management Score,_T,Total,_T,All age ranges or no breakdown by age,_T,Total,SCORE,Score,_Z,Not Applicable,_Z,Not Applicable,_Z,Not Applicable,2023,30.0,WB_BID,Benchmarking Infrastructure Development,0,Units,NUMBER,Number (real number),602,CCYY,A,Normal value,PU,Public
datastructure,WB.DATA360:DS_DATA360(1.2),I,A,Annual,TUN,Tunisia,WB_BID_PPI_CMS,Public Private Partnerships (PPP) Benchmarking: Contract Management Score,_T,Total,_T,All age ranges or no breakdown by age,_T,Total,SCORE,Score,_Z,Not Applicable,_Z,Not Applicable,_Z,Not Applicable,2023,76.44841269841268,WB_BID,Benchmarking Infrastructure Development,0,Units,NUMBER,Number (real number),602,CCYY,A,Normal value,PU,Public
datastructure,WB.DATA360:DS_DATA360(1.2),I,A,Annual,TUR,Turkiye,WB_BID_PPI_CMS,Public Private Partnerships (PPP) Benchmarking: Contract Management Score,_T,Total,_T,All age ranges or no breakdown by age,_T,Total,SCORE,Score,_Z,Not Applicable,_Z,Not Applicable,_Z,Not Applicable,2023,79.10714285714283,WB_BID,Benchmarking Infrastructure Development,0,Units,NUMBER,Number (real number),602,CCYY,A,Normal value,PU,Public
datastructure,WB.DATA360:DS_DATA360(1.2),I,A,Annual,UGA,Uganda,WB_BID_PPI_CMS,Public Private Partnerships (PPP) Benchmarking: Contract Management Score,_T,Total,_T,All age ranges or no breakdown by age,_T,Total,SCORE,Score,_Z,Not Applicable,_Z,Not Applicable,_Z,Not Applicable,2023,74.10714285714285,WB_BID,Benchmarking Infrastructure Development,0,Units,NUMBER,Number (real number),602,CCYY,A,Normal value,PU,Public
datastructure,WB.DATA360:DS_DATA360(1.2),I,A,Annual,UKR,Ukraine,WB_BID_PPI_CMS,Public Private Partnerships (PPP) Benchmarking: Contract Management Score,_T,Total,_T,All age ranges or no breakdown by age,_T,Total,SCORE,Score,_Z,Not Applicable,_Z,Not Applicable,_Z,Not Applicable,2023,70.89285714285714,WB_BID,Benchmarking Infrastructure Development,0,Units,NUMBER,Number (real number),602,CCYY,A,Normal value,PU,Public
datastructure,WB.DATA360:DS_DATA360(1.2),I,A,Annual,ARE,United Arab Emirates,WB_BID_PPI_CMS,Public Private Partnerships (PPP) Benchmarking: Contract Management Score,_T,Total,_T,All age ranges or no breakdown by age,_T,Total,SCORE,Score,_Z,Not Applicable,_Z,Not Applicable,_Z,Not Applicable,2023,58.63095238095239,WB_BID,Benchmarking Infrastructure Development,0,Units,NUMBER,Number (real number),602,CCYY,A,Normal value,PU,Public
datastructure,WB.DATA360:DS_DATA360(1.2),I,A,Annual,GBR,United Kingdom,WB_BID_PPI_CMS,Public Private Partnerships (PPP) Benchmarking: Contract Management Score,_T,Total,_T,All age ranges or no breakdown by age,_T,Total,SCORE,Score,_Z,Not Applicable,_Z,Not Applicable,_Z,Not Applicable,2023,85.79365079365078,WB_BID,Benchmarking Infrastructure Development,0,Units,NUMBER,Number (real number),602,CCYY,A,Normal value,PU,Public
datastructure,WB.DATA360:DS_DATA360(1.2),I,A,Annual,USA,United States,WB_BID_PPI_CMS,Public Private Partnerships (PPP) Benchmarking: Contract Management Score,_T,Total,_T,All age ranges or no breakdown by age,_T,Total,SCORE,Score,_Z,Not Applicable,_Z,Not Applicable,_Z,Not Applicable,2023,58.21428571428572,WB_BID,Benchmarking Infrastructure Development,0,Units,NUMBER,Number (real number),602,CCYY,A,Normal value,PU,Public
datastructure,WB.DATA360:DS_DATA360(1.2),I,A,Annual,URY,Uruguay,WB_BID_PPI_CMS,Public Private Partnerships (PPP) Benchmarking: Contract Management Score,_T,Total,_T,All age ranges or no breakdown by age,_T,Total,SCORE,Score,_Z,Not Applicable,_Z,Not Applicable,_Z,Not Applicable,2023,74.99999999999999,WB_BID,Benchmarking Infrastructure Development,0,Units,NUMBER,Number (real number),602,CCYY,A,Normal value,PU,Public
datastructure,WB.DATA360:DS_DATA360(1.2),I,A,Annual,UZB,Uzbekistan,WB_BID_PPI_CMS,Public Private Partnerships (PPP) Benchmarking: Contract Management Score,_T,Total,_T,All age ranges or no breakdown by age,_T,Total,SCORE,Score,_Z,Not Applicable,_Z,Not Applicable,_Z,Not Applicable,2023,62.678571428571416,WB_BID,Benchmarking Infrastructure Development,0,Units,NUMBER,Number (real number),602,CCYY,A,Normal value,PU,Public
datastructure,WB.DATA360:DS_DATA360(1.2),I,A,Annual,VUT,Vanuatu,WB_BID_PPI_CMS,Public Private Partnerships (PPP) Benchmarking: Contract Management Score,_T,Total,_T,All age ranges or no breakdown by age,_T,Total,SCORE,Score,_Z,Not Applicable,_Z,Not Applicable,_Z,Not Applicable,2023,41.38888888888889,WB_BID,Benchmarking Infrastructure Development,0,Units,NUMBER,Number (real number),602,CCYY,A,Normal value,PU,Public
datastructure,WB.DATA360:DS_DATA360(1.2),I,A,Annual,VNM,Viet Nam,WB_BID_PPI_CMS,Public Private Partnerships (PPP) Benchmarking: Contract Management Score,_T,Total,_T,All age ranges or no breakdown by age,_T,Total,SCORE,Score,_Z,Not Applicable,_Z,Not Applicable,_Z,Not Applicable,2023,78.96825396825395,WB_BID,Benchmarking Infrastructure Development,0,Units,NUMBER,Number (real number),602,CCYY,A,Normal value,PU,Public
datastructure,WB.DATA360:DS_DATA360(1.2),I,A,Annual,ZMB,Zambia,WB_BID_PPI_CMS,Public Private Partnerships (PPP) Benchmarking: Contract Management Score,_T,Total,_T,All age ranges or no breakdown by age,_T,Total,SCORE,Score,_Z,Not Applicable,_Z,Not Applicable,_Z,Not Applicable,2023,79.76190476190474,WB_BID,Benchmarking Infrastructure Development,0,Units,NUMBER,Number (real number),602,CCYY,A,Normal value,PU,Public
datastructure,WB.DATA360:DS_DATA360(1.2),I,A,Annual,ZWE,Zimbabwe,WB_BID_PPI_CMS,Public Private Partnerships (PPP) Benchmarking: Contract Management Score,_T,Total,_T,All age ranges or no breakdown by age,_T,Total,SCORE,Score,_Z,Not Applicable,_Z,Not Applicable,_Z,Not Applicable,2023,57.658730158730165,WB_BID,Benchmarking Infrastructure Development,0,Units,NUMBER,Number (real number),602,CCYY,A,Normal value,PU,Public
datastructure,WB.DATA360:DS_DATA360(1.2),I,A,Annual,MMR,Myanmar,WB_BID_PPI_CMS,Public Private Partnerships (PPP) Benchmarking: Contract Management Score,_T,Total,_T,All age ranges or no breakdown by age,_T,Total,SCORE,Score,_Z,Not Applicable,_Z,Not Applicable,_Z,Not Applicable,2023,48.095238095238095,WB_BID,Benchmarking Infrastructure Development,0,Units,NUMBER,Number (real number),602,CCYY,A,Normal value,PU,Public
datastructure,WB.DATA360:DS_DATA360(1.2),I,A,Annual,RUS,Russian Federation,WB_BID_PPI_CMS,Public Private Partnerships (PPP) Benchmarking: Contract Management Score,_T,Total,_T,All age ranges or no breakdown by age,_T,Total,SCORE,Score,_Z,Not Applicable,_Z,Not Applicable,_Z,Not Applicable,2023,88.67063492063491,WB_BID,Benchmarking Infrastructure Development,0,Units,NUMBER,Number (real number),602,CCYY,A,Normal value,PU,Public
datastructure,WB.DATA360:DS_DATA360(1.2),I,A,Annual,AFG,Afghanistan,WB_BID_PPI_PPS,Public Private Partnerships (PPP) Benchmarking: Preparation Score,_T,Total,_T,All age ranges or no breakdown by age,_T,Total,SCORE,Score,_Z,Not Applicable,_Z,Not Applicable,_Z,Not Applicable,2023,42.98245614035087,WB_BID,Benchmarking Infrastructure Development,0,Units,NUMBER,Number (real number),602,CCYY,A,Normal value,PU,Public
datastructure,WB.DATA360:DS_DATA360(1.2),I,A,Annual,ALB,Albania,WB_BID_PPI_PPS,Public Private Partnerships (PPP) Benchmarking: Preparation Score,_T,Total,_T,All age ranges or no breakdown by age,_T,Total,SCORE,Score,_Z,Not Applicable,_Z,Not Applicable,_Z,Not Applicable,2023,64.61988304093566,WB_BID,Benchmarking Infrastructure Development,0,Units,NUMBER,Number (real number),602,CCYY,A,Normal value,PU,Public
datastructure,WB.DATA360:DS_DATA360(1.2),I,A,Annual,DZA,Algeria,WB_BID_PPI_PPS,Public Private Partnerships (PPP) Benchmarking: Preparation Score,_T,Total,_T,All age ranges or no breakdown by age,_T,Total,SCORE,Score,_Z,Not Applicable,_Z,Not Applicable,_Z,Not Applicable,2023,18.421052631578945,WB_BID,Benchmarking Infrastructure Development,0,Units,NUMBER,Number (real number),602,CCYY,A,Normal value,PU,Public
datastructure,WB.DATA360:DS_DATA360(1.2),I,A,Annual,AGO,Angola,WB_BID_PPI_PPS,Public Private Partnerships (PPP) Benchmarking: Preparation Score,_T,Total,_T,All age ranges or no breakdown by age,_T,Total,SCORE,Score,_Z,Not Applicable,_Z,Not Applicable,_Z,Not Applicable,2023,31.578947368421044,WB_BID,Benchmarking Infrastructure Development,0,Units,NUMBER,Number (real number),602,CCYY,A,Normal value,PU,Public
datastructure,WB.DATA360:DS_DATA360(1.2),I,A,Annual,ARG,Argentina,WB_BID_PPI_PPS,Public Private Partnerships (PPP) Benchmarking: Preparation Score,_T,Total,_T,All age ranges or no breakdown by age,_T,Total,SCORE,Score,_Z,Not Applicable,_Z,Not Applicable,_Z,Not Applicable,2023,50.87719298245611,WB_BID,Benchmarking Infrastructure Development,0,Units,NUMBER,Number (real number),602,CCYY,A,Normal value,PU,Public
datastructure,WB.DATA360:DS_DATA360(1.2),I,A,Annual,ARM,Armenia,WB_BID_PPI_PPS,Public Private Partnerships (PPP) Benchmarking: Preparation Score,_T,Total,_T,All age ranges or no breakdown by age,_T,Total,SCORE,Score,_Z,Not Applicable,_Z,Not Applicable,_Z,Not Applicable,2023,42.98245614035088,WB_BID,Benchmarking Infrastructure Development,0,Units,NUMBER,Number (real number),602,CCYY,A,Normal value,PU,Public
datastructure,WB.DATA360:DS_DATA360(1.2),I,A,Annual,AUS,Australia,WB_BID_PPI_PPS,Public Private Partnerships (PPP) Benchmarking: Preparation Score,_T,Total,_T,All age ranges or no breakdown by age,_T,Total,SCORE,Score,_Z,Not Applicable,_Z,Not Applicable,_Z,Not Applicable,2023,87.42690058479532,WB_BID,Benchmarking Infrastructure Development,0,Units,NUMBER,Number (real number),602,CCYY,A,Normal value,PU,Public
datastructure,WB.DATA360:DS_DATA360(1.2),I,A,Annual,AUT,Austria,WB_BID_PPI_PPS,Public Private Partnerships (PPP) Benchmarking: Preparation Score,_T,Total,_T,All age ranges or no breakdown by age,_T,Total,SCORE,Score,_Z,Not Applicable,_Z,Not Applicable,_Z,Not Applicable,2023,51.16959064327485,WB_BID,Benchmarking Infrastructure Development,0,Units,NUMBER,Number (real number),602,CCYY,A,Normal value,PU,Public
datastructure,WB.DATA360:DS_DATA360(1.2),I,A,Annual,AZE,Azerbaijan,WB_BID_PPI_PPS,Public Private Partnerships (PPP) Benchmarking: Preparation Score,_T,Total,_T,All age ranges or no breakdown by age,_T,Total,SCORE,Score,_Z,Not Applicable,_Z,Not Applicable,_Z,Not Applicable,2023,30.409356725146196,WB_BID,Benchmarking Infrastructure Development,0,Units,NUMBER,Number (real number),602,CCYY,A,Normal value,PU,Public
datastructure,WB.DATA360:DS_DATA360(1.2),I,A,Annual,BGD,Bangladesh,WB_BID_PPI_PPS,Public Private Partnerships (PPP) Benchmarking: Preparation Score,_T,Total,_T,All age ranges or no breakdown by age,_T,Total,SCORE,Score,_Z,Not Applicable,_Z,Not Applicable,_Z,Not Applicable,2023,54.38596491228069,WB_BID,Benchmarking Infrastructure Development,0,Units,NUMBER,Number (real number),602,CCYY,A,Normal value,PU,Public
datastructure,WB.DATA360:DS_DATA360(1.2),I,A,Annual,BLR,Belarus,WB_BID_PPI_PPS,Public Private Partnerships (PPP) Benchmarking: Preparation Score,_T,Total,_T,All age ranges or no breakdown by age,_T,Total,SCORE,Score,_Z,Not Applicable,_Z,Not Applicable,_Z,Not Applicable,2023,69.59064327485379,WB_BID,Benchmarking Infrastructure Development,0,Units,NUMBER,Number (real number),602,CCYY,A,Normal value,PU,Public
datastructure,WB.DATA360:DS_DATA360(1.2),I,A,Annual,BEL,Belgium,WB_BID_PPI_PPS,Public Private Partnerships (PPP) Benchmarking: Preparation Score,_T,Total,_T,All age ranges or no breakdown by age,_T,Total,SCORE,Score,_Z,Not Applicable,_Z,Not Applicable,_Z,Not Applicable,2023,14.912280701754383,WB_BID,Benchmarking Infrastructure Development,0,Units,NUMBER,Number (real number),602,CCYY,A,Normal value,PU,Public
datastructure,WB.DATA360:DS_DATA360(1.2),I,A,Annual,BEN,Benin,WB_BID_PPI_PPS,Public Private Partnerships (PPP) Benchmarking: Preparation Score,_T,Total,_T,All age ranges or no breakdown by age,_T,Total,SCORE,Score,_Z,Not Applicable,_Z,Not Applicable,_Z,Not Applicable,2023,43.85964912280701,WB_BID,Benchmarking Infrastructure Development,0,Units,NUMBER,Number (real number),602,CCYY,A,Normal value,PU,Public
datastructure,WB.DATA360:DS_DATA360(1.2),I,A,Annual,BIH,Bosnia and Herzegovina,WB_BID_PPI_PPS,Public Private Partnerships (PPP) Benchmarking: Preparation Score,_T,Total,_T,All age ranges or no breakdown by age,_T,Total,SCORE,Score,_Z,Not Applicable,_Z,Not Applicable,_Z,Not Applicable,2023,45.32163742690059,WB_BID,Benchmarking Infrastructure Development,0,Units,NUMBER,Number (real number),602,CCYY,A,Normal value,PU,Public
datastructure,WB.DATA360:DS_DATA360(1.2),I,A,Annual,BWA,Botswana,WB_BID_PPI_PPS,Public Private Partnerships (PPP) Benchmarking: Preparation Score,_T,Total,_T,All age ranges or no breakdown by age,_T,Total,SCORE,Score,_Z,Not Applicable,_Z,Not Applicable,_Z,Not Applicable,2023,45.029239766081865,WB_BID,Benchmarking Infrastructure Development,0,Units,NUMBER,Number (real number),602,CCYY,A,Normal value,PU,Public
datastructure,WB.DATA360:DS_DATA360(1.2),I,A,Annual,BRA,Brazil,WB_BID_PPI_PPS,Public Private Partnerships (PPP) Benchmarking: Preparation Score,_T,Total,_T,All age ranges or no breakdown by age,_T,Total,SCORE,Score,_Z,Not Applicable,_Z,Not Applicable,_Z,Not Applicable,2023,59.356725146198805,WB_BID,Benchmarking Infrastructure Development,0,Units,NUMBER,Number (real number),602,CCYY,A,Normal value,PU,Public
datastructure,WB.DATA360:DS_DATA360(1.2),I,A,Annual,BGR,Bulgaria,WB_BID_PPI_PPS,Public Private Partnerships (PPP) Benchmarking: Preparation Score,_T,Total,_T,All age ranges or no breakdown by age,_T,Total,SCORE,Score,_Z,Not Applicable,_Z,Not Applicable,_Z,Not Applicable,2023,53.80116959064326,WB_BID,Benchmarking Infrastructure Development,0,Units,NUMBER,Number (real number),602,CCYY,A,Normal value,PU,Public
datastructure,WB.DATA360:DS_DATA360(1.2),I,A,Annual,BFA,Burkina Faso,WB_BID_PPI_PPS,Public Private Partnerships (PPP) Benchmarking: Preparation Score,_T,Total,_T,All age ranges or no breakdown by age,_T,Total,SCORE,Score,_Z,Not Applicable,_Z,Not Applicable,_Z,Not Applicable,2023,44.73684210526314,WB_BID,Benchmarking Infrastructure Development,0,Units,NUMBER,Number (real number),602,CCYY,A,Normal value,PU,Public
datastructure,WB.DATA360:DS_DATA360(1.2),I,A,Annual,BDI,Burundi,WB_BID_PPI_PPS,Public Private Partnerships (PPP) Benchmarking: Preparation Score,_T,Total,_T,All age ranges or no breakdown by age,_T,Total,SCORE,Score,_Z,Not Applicable,_Z,Not Applicable,_Z,Not Applicable,2023,26.31578947368421,WB_BID,Benchmarking Infrastructure Development,0,Units,NUMBER,Number (real number),602,CCYY,A,Normal value,PU,Public
datastructure,WB.DATA360:DS_DATA360(1.2),I,A,Annual,KHM,Cambodia,WB_BID_PPI_PPS,Public Private Partnerships (PPP) Benchmarking: Preparation Score,_T,Total,_T,All age ranges or no breakdown by age,_T,Total,SCORE,Score,_Z,Not Applicable,_Z,Not Applicable,_Z,Not Applicable,2023,26.31578947368421,WB_BID,Benchmarking Infrastructure Development,0,Units,NUMBER,Number (real number),602,CCYY,A,Normal value,PU,Public
datastructure,WB.DATA360:DS_DATA360(1.2),I,A,Annual,CMR,Cameroon,WB_BID_PPI_PPS,Public Private Partnerships (PPP) Benchmarking: Preparation Score,_T,Total,_T,All age ranges or no breakdown by age,_T,Total,SCORE,Score,_Z,Not Applicable,_Z,Not Applicable,_Z,Not Applicable,2023,28.947368421052627,WB_BID,Benchmarking Infrastructure Development,0,Units,NUMBER,Number (real number),602,CCYY,A,Normal value,PU,Public
datastructure,WB.DATA360:DS_DATA360(1.2),I,A,Annual,CAN,Canada,WB_BID_PPI_PPS,Public Private Partnerships (PPP) Benchmarking: Preparation Score,_T,Total,_T,All age ranges or no breakdown by age,_T,Total,SCORE,Score,_Z,Not Applicable,_Z,Not Applicable,_Z,Not Applicable,2023,71.34502923976609,WB_BID,Benchmarking Infrastructure Development,0,Units,NUMBER,Number (real number),602,CCYY,A,Normal value,PU,Public
datastructure,WB.DATA360:DS_DATA360(1.2),I,A,Annual,TCD,Chad,WB_BID_PPI_PPS,Public Private Partnerships (PPP) Benchmarking: Preparation Score,_T,Total,_T,All age ranges or no breakdown by age,_T,Total,SCORE,Score,_Z,Not Applicable,_Z,Not Applicable,_Z,Not Applicable,2023,29.82456140350877,WB_BID,Benchmarking Infrastructure Development,0,Units,NUMBER,Number (real number),602,CCYY,A,Normal value,PU,Public
datastructure,WB.DATA360:DS_DATA360(1.2),I,A,Annual,CHL,Chile,WB_BID_PPI_PPS,Public Private Partnerships (PPP) Benchmarking: Preparation Score,_T,Total,_T,All age ranges or no breakdown by age,_T,Total,SCORE,Score,_Z,Not Applicable,_Z,Not Applicable,_Z,Not Applicable,2023,44.152046783625714,WB_BID,Benchmarking Infrastructure Development,0,Units,NUMBER,Number (real number),602,CCYY,A,Normal value,PU,Public
datastructure,WB.DATA360:DS_DATA360(1.2),I,A,Annual,CHN,China,WB_BID_PPI_PPS,Public Private Partnerships (PPP) Benchmarking: Preparation Score,_T,Total,_T,All age ranges or no breakdown by age,_T,Total,SCORE,Score,_Z,Not Applicable,_Z,Not Applicable,_Z,Not Applicable,2023,54.38596491228069,WB_BID,Benchmarking Infrastructure Development,0,Units,NUMBER,Number (real number),602,CCYY,A,Normal value,PU,Public
datastructure,WB.DATA360:DS_DATA360(1.2),I,A,Annual,COL,Colombia,WB_BID_PPI_PPS,Public Private Partnerships (PPP) Benchmarking: Preparation Score,_T,Total,_T,All age ranges or no breakdown by age,_T,Total,SCORE,Score,_Z,Not Applicable,_Z,Not Applicable,_Z,Not Applicable,2023,82.7485380116959,WB_BID,Benchmarking Infrastructure Development,0,Units,NUMBER,Number (real number),602,CCYY,A,Normal value,PU,Public
datastructure,WB.DATA360:DS_DATA360(1.2),I,A,Annual,COD,"Congo, Dem. Rep.",WB_BID_PPI_PPS,Public Private Partnerships (PPP) Benchmarking: Preparation Score,_T,Total,_T,All age ranges or no breakdown by age,_T,Total,SCORE,Score,_Z,Not Applicable,_Z,Not Applicable,_Z,Not Applicable,2023,23.684210526315788,WB_BID,Benchmarking Infrastructure Development,0,Units,NUMBER,Number (real number),602,CCYY,A,Normal value,PU,Public
datastructure,WB.DATA360:DS_DATA360(1.2),I,A,Annual,COG,"Congo, Rep.",WB_BID_PPI_PPS,Public Private Partnerships (PPP) Benchmarking: Preparation Score,_T,Total,_T,All age ranges or no breakdown by age,_T,Total,SCORE,Score,_Z,Not Applicable,_Z,Not Applicable,_Z,Not Applicable,2023,21.052631578947366,WB_BID,Benchmarking Infrastructure Development,0,Units,NUMBER,Number (real number),602,CCYY,A,Normal value,PU,Public
datastructure,WB.DATA360:DS_DATA360(1.2),I,A,Annual,CRI,Costa Rica,WB_BID_PPI_PPS,Public Private Partnerships (PPP) Benchmarking: Preparation Score,_T,Total,_T,All age ranges or no breakdown by age,_T,Total,SCORE,Score,_Z,Not Applicable,_Z,Not Applicable,_Z,Not Applicable,2023,39.47368421052631,WB_BID,Benchmarking Infrastructure Development,0,Units,NUMBER,Number (real number),602,CCYY,A,Normal value,PU,Public
datastructure,WB.DATA360:DS_DATA360(1.2),I,A,Annual,CIV,Cote d'Ivoire,WB_BID_PPI_PPS,Public Private Partnerships (PPP) Benchmarking: Preparation Score,_T,Total,_T,All age ranges or no breakdown by age,_T,Total,SCORE,Score,_Z,Not Applicable,_Z,Not Applicable,_Z,Not Applicable,2023,28.07017543859649,WB_BID,Benchmarking Infrastructure Development,0,Units,NUMBER,Number (real number),602,CCYY,A,Normal value,PU,Public
datastructure,WB.DATA360:DS_DATA360(1.2),I,A,Annual,HRV,Croatia,WB_BID_PPI_PPS,Public Private Partnerships (PPP) Benchmarking: Preparation Score,_T,Total,_T,All age ranges or no breakdown by age,_T,Total,SCORE,Score,_Z,Not Applicable,_Z,Not Applicable,_Z,Not Applicable,2023,46.19883040935671,WB_BID,Benchmarking Infrastructure Development,0,Units,NUMBER,Number (real number),602,CCYY,A,Normal value,PU,Public
datastructure,WB.DATA360:DS_DATA360(1.2),I,A,Annual,CZE,Czechia,WB_BID_PPI_PPS,Public Private Partnerships (PPP) Benchmarking: Preparation Score,_T,Total,_T,All age ranges or no breakdown by age,_T,Total,SCORE,Score,_Z,Not Applicable,_Z,Not Applicable,_Z,Not Applicable,2023,75.73099415204679,WB_BID,Benchmarking Infrastructure Development,0,Units,NUMBER,Number (real number),602,CCYY,A,Normal value,PU,Public
datastructure,WB.DATA360:DS_DATA360(1.2),I,A,Annual,DNK,Denmark,WB_BID_PPI_PPS,Public Private Partnerships (PPP) Benchmarking: Preparation Score,_T,Total,_T,All age ranges or no breakdown by age,_T,Total,SCORE,Score,_Z,Not Applicable,_Z,Not Applicable,_Z,Not Applicable,2023,47.66081871345028,WB_BID,Benchmarking Infrastructure Development,0,Units,NUMBER,Number (real number),602,CCYY,A,Normal value,PU,Public
datastructure,WB.DATA360:DS_DATA360(1.2),I,A,Annual,DJI,Djibouti,WB_BID_PPI_PPS,Public Private Partnerships (PPP) Benchmarking: Preparation Score,_T,Total,_T,All age ranges or no breakdown by age,_T,Total,SCORE,Score,_Z,Not Applicable,_Z,Not Applicable,_Z,Not Applicable,2023,40.35087719298245,WB_BID,Benchmarking Infrastructure Development,0,Units,NUMBER,Number (real number),602,CCYY,A,Normal value,PU,Public
datastructure,WB.DATA360:DS_DATA360(1.2),I,A,Annual,DOM,Dominican Republic,WB_BID_PPI_PPS,Public Private Partnerships (PPP) Benchmarking: Preparation Score,_T,Total,_T,All age ranges or no breakdown by age,_T,Total,SCORE,Score,_Z,Not Applicable,_Z,Not Applicable,_Z,Not Applicable,2023,50.58479532163741,WB_BID,Benchmarking Infrastructure Development,0,Units,NUMBER,Number (real number),602,CCYY,A,Normal value,PU,Public
datastructure,WB.DATA360:DS_DATA360(1.2),I,A,Annual,ECU,Ecuador,WB_BID_PPI_PPS,Public Private Partnerships (PPP) Benchmarking: Preparation Score,_T,Total,_T,All age ranges or no breakdown by age,_T,Total,SCORE,Score,_Z,Not Applicable,_Z,Not Applicable,_Z,Not Applicable,2023,42.98245614035087,WB_BID,Benchmarking Infrastructure Development,0,Units,NUMBER,Number (real number),602,CCYY,A,Normal value,PU,Public
datastructure,WB.DATA360:DS_DATA360(1.2),I,A,Annual,EGY,"Egypt, Arab Rep.",WB_BID_PPI_PPS,Public Private Partnerships (PPP) Benchmarking: Preparation Score,_T,Total,_T,All age ranges or no breakdown by age,_T,Total,SCORE,Score,_Z,Not Applicable,_Z,Not Applicable,_Z,Not Applicable,2023,51.75438596491229,WB_BID,Benchmarking Infrastructure Development,0,Units,NUMBER,Number (real number),602,CCYY,A,Normal value,PU,Public
datastructure,WB.DATA360:DS_DATA360(1.2),I,A,Annual,SLV,El Salvador,WB_BID_PPI_PPS,Public Private Partnerships (PPP) Benchmarking: Preparation Score,_T,Total,_T,All age ranges or no breakdown by age,_T,Total,SCORE,Score,_Z,Not Applicable,_Z,Not Applicable,_Z,Not Applicable,2023,55.26315789473683,WB_BID,Benchmarking Infrastructure Development,0,Units,NUMBER,Number (real number),602,CCYY,A,Normal value,PU,Public
datastructure,WB.DATA360:DS_DATA360(1.2),I,A,Annual,ERI,Eritrea,WB_BID_PPI_PPS,Public Private Partnerships (PPP) Benchmarking: Preparation Score,_T,Total,_T,All age ranges or no breakdown by age,_T,Total,SCORE,Score,_Z,Not Applicable,_Z,Not Applicable,_Z,Not Applicable,2023,0.0,WB_BID,Benchmarking Infrastructure Development,0,Units,NUMBER,Number (real number),602,CCYY,A,Normal value,PU,Public
datastructure,WB.DATA360:DS_DATA360(1.2),I,A,Annual,EST,Estonia,WB_BID_PPI_PPS,Public Private Partnerships (PPP) Benchmarking: Preparation Score,_T,Total,_T,All age ranges or no breakdown by age,_T,Total,SCORE,Score,_Z,Not Applicable,_Z,Not Applicable,_Z,Not Applicable,2023,31.87134502923977,WB_BID,Benchmarking Infrastructure Development,0,Units,NUMBER,Number (real number),602,CCYY,A,Normal value,PU,Public
datastructure,WB.DATA360:DS_DATA360(1.2),I,A,Annual,ETH,Ethiopia,WB_BID_PPI_PPS,Public Private Partnerships (PPP) Benchmarking: Preparation Score,_T,Total,_T,All age ranges or no breakdown by age,_T,Total,SCORE,Score,_Z,Not Applicable,_Z,Not Applicable,_Z,Not Applicable,2023,28.07017543859649,WB_BID,Benchmarking Infrastructure Development,0,Units,NUMBER,Number (real number),602,CCYY,A,Normal value,PU,Public
datastructure,WB.DATA360:DS_DATA360(1.2),I,A,Annual,FIN,Finland,WB_BID_PPI_PPS,Public Private Partnerships (PPP) Benchmarking: Preparation Score,_T,Total,_T,All age ranges or no breakdown by age,_T,Total,SCORE,Score,_Z,Not Applicable,_Z,Not Applicable,_Z,Not Applicable,2023,31.87134502923977,WB_BID,Benchmarking Infrastructure Development,0,Units,NUMBER,Number (real number),602,CCYY,A,Normal value,PU,Public
datastructure,WB.DATA360:DS_DATA360(1.2),I,A,Annual,FRA,France,WB_BID_PPI_PPS,Public Private Partnerships (PPP) Benchmarking: Preparation Score,_T,Total,_T,All age ranges or no breakdown by age,_T,Total,SCORE,Score,_Z,Not Applicable,_Z,Not Applicable,_Z,Not Applicable,2023,59.64912280701755,WB_BID,Benchmarking Infrastructure Development,0,Units,NUMBER,Number (real number),602,CCYY,A,Normal value,PU,Public
datastructure,WB.DATA360:DS_DATA360(1.2),I,A,Annual,GAB,Gabon,WB_BID_PPI_PPS,Public Private Partnerships (PPP) Benchmarking: Preparation Score,_T,Total,_T,All age ranges or no breakdown by age,_T,Total,SCORE,Score,_Z,Not Applicable,_Z,Not Applicable,_Z,Not Applicable,2023,13.157894736842104,WB_BID,Benchmarking Infrastructure Development,0,Units,NUMBER,Number (real number),602,CCYY,A,Normal value,PU,Public
datastructure,WB.DATA360:DS_DATA360(1.2),I,A,Annual,GEO,Georgia,WB_BID_PPI_PPS,Public Private Partnerships (PPP) Benchmarking: Preparation Score,_T,Total,_T,All age ranges or no breakdown by age,_T,Total,SCORE,Score,_Z,Not Applicable,_Z,Not Applicable,_Z,Not Applicable,2023,64.9122807017544,WB_BID,Benchmarking Infrastructure Development,0,Units,NUMBER,Number (real number),602,CCYY,A,Normal value,PU,Public
datastructure,WB.DATA360:DS_DATA360(1.2),I,A,Annual,DEU,Germany,WB_BID_PPI_PPS,Public Private Partnerships (PPP) Benchmarking: Preparation Score,_T,Total,_T,All age ranges or no breakdown by age,_T,Total,SCORE,Score,_Z,Not Applicable,_Z,Not Applicable,_Z,Not Applicable,2023,59.064327485380105,WB_BID,Benchmarking Infrastructure Development,0,Units,NUMBER,Number (real number),602,CCYY,A,Normal value,PU,Public
datastructure,WB.DATA360:DS_DATA360(1.2),I,A,Annual,GHA,Ghana,WB_BID_PPI_PPS,Public Private Partnerships (PPP) Benchmarking: Preparation Score,_T,Total,_T,All age ranges or no breakdown by age,_T,Total,SCORE,Score,_Z,Not Applicable,_Z,Not Applicable,_Z,Not Applicable,2023,57.89473684210527,WB_BID,Benchmarking Infrastructure Development,0,Units,NUMBER,Number (real number),602,CCYY,A,Normal value,PU,Public
datastructure,WB.DATA360:DS_DATA360(1.2),I,A,Annual,GRC,Greece,WB_BID_PPI_PPS,Public Private Partnerships (PPP) Benchmarking: Preparation Score,_T,Total,_T,All age ranges or no breakdown by age,_T,Total,SCORE,Score,_Z,Not Applicable,_Z,Not Applicable,_Z,Not Applicable,2023,51.46198830409355,WB_BID,Benchmarking Infrastructure Development,0,Units,NUMBER,Number (real number),602,CCYY,A,Normal value,PU,Public
datastructure,WB.DATA360:DS_DATA360(1.2),I,A,Annual,GTM,Guatemala,WB_BID_PPI_PPS,Public Private Partnerships (PPP) Benchmarking: Preparation Score,_T,Total,_T,All age ranges or no breakdown by age,_T,Total,SCORE,Score,_Z,Not Applicable,_Z,Not Applicable,_Z,Not Applicable,2023,43.85964912280701,WB_BID,Benchmarking Infrastructure Development,0,Units,NUMBER,Number (real number),602,CCYY,A,Normal value,PU,Public
datastructure,WB.DATA360:DS_DATA360(1.2),I,A,Annual,GIN,Guinea,WB_BID_PPI_PPS,Public Private Partnerships (PPP) Benchmarking: Preparation Score,_T,Total,_T,All age ranges or no breakdown by age,_T,Total,SCORE,Score,_Z,Not Applicable,_Z,Not Applicable,_Z,Not Applicable,2023,30.701754385964904,WB_BID,Benchmarking Infrastructure Development,0,Units,NUMBER,Number (real number),602,CCYY,A,Normal value,PU,Public
datastructure,WB.DATA360:DS_DATA360(1.2),I,A,Annual,HTI,Haiti,WB_BID_PPI_PPS,Public Private Partnerships (PPP) Benchmarking: Preparation Score,_T,Total,_T,All age ranges or no breakdown by age,_T,Total,SCORE,Score,_Z,Not Applicable,_Z,Not Applicable,_Z,Not Applicable,2023,9.649122807017545,WB_BID,Benchmarking Infrastructure Development,0,Units,NUMBER,Number (real number),602,CCYY,A,Normal value,PU,Public
datastructure,WB.DATA360:DS_DATA360(1.2),I,A,Annual,HND,Honduras,WB_BID_PPI_PPS,Public Private Partnerships (PPP) Benchmarking: Preparation Score,_T,Total,_T,All age ranges or no breakdown by age,_T,Total,SCORE,Score,_Z,Not Applicable,_Z,Not Applicable,_Z,Not Applicable,2023,43.85964912280701,WB_BID,Benchmarking Infrastructure Development,0,Units,NUMBER,Number (real number),602,CCYY,A,Normal value,PU,Public
datastructure,WB.DATA360:DS_DATA360(1.2),I,A,Annual,HUN,Hungary,WB_BID_PPI_PPS,Public Private Partnerships (PPP) Benchmarking: Preparation Score,_T,Total,_T,All age ranges or no breakdown by age,_T,Total,SCORE,Score,_Z,Not Applicable,_Z,Not Applicable,_Z,Not Applicable,2023,15.789473684210526,WB_BID,Benchmarking Infrastructure Development,0,Units,NUMBER,Number (real number),602,CCYY,A,Normal value,PU,Public
datastructure,WB.DATA360:DS_DATA360(1.2),I,A,Annual,IND,India,WB_BID_PPI_PPS,Public Private Partnerships (PPP) Benchmarking: Preparation Score,_T,Total,_T,All age ranges or no breakdown by age,_T,Total,SCORE,Score,_Z,Not Applicable,_Z,Not Applicable,_Z,Not Applicable,2023,59.64912280701752,WB_BID,Benchmarking Infrastructure Development,0,Units,NUMBER,Number (real number),602,CCYY,A,Normal value,PU,Public
datastructure,WB.DATA360:DS_DATA360(1.2),I,A,Annual,IDN,Indonesia,WB_BID_PPI_PPS,Public Private Partnerships (PPP) Benchmarking: Preparation Score,_T,Total,_T,All age ranges or no breakdown by age,_T,Total,SCORE,Score,_Z,Not Applicable,_Z,Not Applicable,_Z,Not Applicable,2023,59.356725146198826,WB_BID,Benchmarking Infrastructure Development,0,Units,NUMBER,Number (real number),602,CCYY,A,Normal value,PU,Public
datastructure,WB.DATA360:DS_DATA360(1.2),I,A,Annual,IRN,"Iran, Islamic Rep.",WB_BID_PPI_PPS,Public Private Partnerships (PPP) Benchmarking: Preparation Score,_T,Total,_T,All age ranges or no breakdown by age,_T,Total,SCORE,Score,_Z,Not Applicable,_Z,Not Applicable,_Z,Not Applicable,2023,24.56140350877193,WB_BID,Benchmarking Infrastructure Development,0,Units,NUMBER,Number (real number),602,CCYY,A,Normal value,PU,Public
datastructure,WB.DATA360:DS_DATA360(1.2),I,A,Annual,IRQ,Iraq,WB_BID_PPI_PPS,Public Private Partnerships (PPP) Benchmarking: Preparation Score,_T,Total,_T,All age ranges or no breakdown by age,_T,Total,SCORE,Score,_Z,Not Applicable,_Z,Not Applicable,_Z,Not Applicable,2023,6.140350877192981,WB_BID,Benchmarking Infrastructure Development,0,Units,NUMBER,Number (real number),602,CCYY,A,Normal value,PU,Public
datastructure,WB.DATA360:DS_DATA360(1.2),I,A,Annual,IRL,Ireland,WB_BID_PPI_PPS,Public Private Partnerships (PPP) Benchmarking: Preparation Score,_T,Total,_T,All age ranges or no breakdown by age,_T,Total,SCORE,Score,_Z,Not Applicable,_Z,Not Applicable,_Z,Not Applicable,2023,66.66666666666669,WB_BID,Benchmarking Infrastructure Development,0,Units,NUMBER,Number (real number),602,CCYY,A,Normal value,PU,Public
datastructure,WB.DATA360:DS_DATA360(1.2),I,A,Annual,ISR,Israel,WB_BID_PPI_PPS,Public Private Partnerships (PPP) Benchmarking: Preparation Score,_T,Total,_T,All age ranges or no breakdown by age,_T,Total,SCORE,Score,_Z,Not Applicable,_Z,Not Applicable,_Z,Not Applicable,2023,46.49122807017543,WB_BID,Benchmarking Infrastructure Development,0,Units,NUMBER,Number (real number),602,CCYY,A,Normal value,PU,Public
datastructure,WB.DATA360:DS_DATA360(1.2),I,A,Annual,ITA,Italy,WB_BID_PPI_PPS,Public Private Partnerships (PPP) Benchmarking: Preparation Score,_T,Total,_T,All age ranges or no breakdown by age,_T,Total,SCORE,Score,_Z,Not Applicable,_Z,Not Applicable,_Z,Not Applicable,2023,76.31578947368418,WB_BID,Benchmarking Infrastructure Development,0,Units,NUMBER,Number (real number),602,CCYY,A,Normal value,PU,Public
datastructure,WB.DATA360:DS_DATA360(1.2),I,A,Annual,JAM,Jamaica,WB_BID_PPI_PPS,Public Private Partnerships (PPP) Benchmarking: Preparation Score,_T,Total,_T,All age ranges or no breakdown by age,_T,Total,SCORE,Score,_Z,Not Applicable,_Z,Not Applicable,_Z,Not Applicable,2023,53.80116959064326,WB_BID,Benchmarking Infrastructure Development,0,Units,NUMBER,Number (real number),602,CCYY,A,Normal value,PU,Public
datastructure,WB.DATA360:DS_DATA360(1.2),I,A,Annual,JPN,Japan,WB_BID_PPI_PPS,Public Private Partnerships (PPP) Benchmarking: Preparation Score,_T,Total,_T,All age ranges or no breakdown by age,_T,Total,SCORE,Score,_Z,Not Applicable,_Z,Not Applicable,_Z,Not Applicable,2023,45.32163742690059,WB_BID,Benchmarking Infrastructure Development,0,Units,NUMBER,Number (real number),602,CCYY,A,Normal value,PU,Public
datastructure,WB.DATA360:DS_DATA360(1.2),I,A,Annual,JOR,Jordan,WB_BID_PPI_PPS,Public Private Partnerships (PPP) Benchmarking: Preparation Score,_T,Total,_T,All age ranges or no breakdown by age,_T,Total,SCORE,Score,_Z,Not Applicable,_Z,Not Applicable,_Z,Not Applicable,2023,38.59649122807017,WB_BID,Benchmarking Infrastructure Development,0,Units,NUMBER,Number (real number),602,CCYY,A,Normal value,PU,Public
datastructure,WB.DATA360:DS_DATA360(1.2),I,A,Annual,KAZ,Kazakhstan,WB_BID_PPI_PPS,Public Private Partnerships (PPP) Benchmarking: Preparation Score,_T,Total,_T,All age ranges or no breakdown by age,_T,Total,SCORE,Score,_Z,Not Applicable,_Z,Not Applicable,_Z,Not Applicable,2023,49.12280701754385,WB_BID,Benchmarking Infrastructure Development,0,Units,NUMBER,Number (real number),602,CCYY,A,Normal value,PU,Public
datastructure,WB.DATA360:DS_DATA360(1.2),I,A,Annual,KEN,Kenya,WB_BID_PPI_PPS,Public Private Partnerships (PPP) Benchmarking: Preparation Score,_T,Total,_T,All age ranges or no breakdown by age,_T,Total,SCORE,Score,_Z,Not Applicable,_Z,Not Applicable,_Z,Not Applicable,2023,55.55555555555555,WB_BID,Benchmarking Infrastructure Development,0,Units,NUMBER,Number (real number),602,CCYY,A,Normal value,PU,Public
datastructure,WB.DATA360:DS_DATA360(1.2),I,A,Annual,KOR,"Korea, Rep.",WB_BID_PPI_PPS,Public Private Partnerships (PPP) Benchmarking: Preparation Score,_T,Total,_T,All age ranges or no breakdown by age,_T,Total,SCORE,Score,_Z,Not Applicable,_Z,Not Applicable,_Z,Not Applicable,2023,61.11111111111111,WB_BID,Benchmarking Infrastructure Development,0,Units,NUMBER,Number (real number),602,CCYY,A,Normal value,PU,Public
datastructure,WB.DATA360:DS_DATA360(1.2),I,A,Annual,XKX,Kosovo,WB_BID_PPI_PPS,Public Private Partnerships (PPP) Benchmarking: Preparation Score,_T,Total,_T,All age ranges or no breakdown by age,_T,Total,SCORE,Score,_Z,Not Applicable,_Z,Not Applicable,_Z,Not Applicable,2023,53.50877192982456,WB_BID,Benchmarking Infrastructure Development,0,Units,NUMBER,Number (real number),602,CCYY,A,Normal value,PU,Public
datastructure,WB.DATA360:DS_DATA360(1.2),I,A,Annual,KWT,Kuwait,WB_BID_PPI_PPS,Public Private Partnerships (PPP) Benchmarking: Preparation Score,_T,Total,_T,All age ranges or no breakdown by age,_T,Total,SCORE,Score,_Z,Not Applicable,_Z,Not Applicable,_Z,Not Applicable,2023,66.66666666666669,WB_BID,Benchmarking Infrastructure Development,0,Units,NUMBER,Number (real number),602,CCYY,A,Normal value,PU,Public
datastructure,WB.DATA360:DS_DATA360(1.2),I,A,Annual,KGZ,Kyrgyz Republic,WB_BID_PPI_PPS,Public Private Partnerships (PPP) Benchmarking: Preparation Score,_T,Total,_T,All age ranges or no breakdown by age,_T,Total,SCORE,Score,_Z,Not Applicable,_Z,Not Applicable,_Z,Not Applicable,2023,44.152046783625714,WB_BID,Benchmarking Infrastructure Development,0,Units,NUMBER,Number (real number),602,CCYY,A,Normal value,PU,Public
datastructure,WB.DATA360:DS_DATA360(1.2),I,A,Annual,LAO,Lao PDR,WB_BID_PPI_PPS,Public Private Partnerships (PPP) Benchmarking: Preparation Score,_T,Total,_T,All age ranges or no breakdown by age,_T,Total,SCORE,Score,_Z,Not Applicable,_Z,Not Applicable,_Z,Not Applicable,2023,29.824561403508763,WB_BID,Benchmarking Infrastructure Development,0,Units,NUMBER,Number (real number),602,CCYY,A,Normal value,PU,Public
datastructure,WB.DATA360:DS_DATA360(1.2),I,A,Annual,LVA,Latvia,WB_BID_PPI_PPS,Public Private Partnerships (PPP) Benchmarking: Preparation Score,_T,Total,_T,All age ranges or no breakdown by age,_T,Total,SCORE,Score,_Z,Not Applicable,_Z,Not Applicable,_Z,Not Applicable,2023,60.81871345029241,WB_BID,Benchmarking Infrastructure Development,0,Units,NUMBER,Number (real number),602,CCYY,A,Normal value,PU,Public
datastructure,WB.DATA360:DS_DATA360(1.2),I,A,Annual,LBN,Lebanon,WB_BID_PPI_PPS,Public Private Partnerships (PPP) Benchmarking: Preparation Score,_T,Total,_T,All age ranges or no breakdown by age,_T,Total,SCORE,Score,_Z,Not Applicable,_Z,Not Applicable,_Z,Not Applicable,2023,24.853801169590646,WB_BID,Benchmarking Infrastructure Development,0,Units,NUMBER,Number (real number),602,CCYY,A,Normal value,PU,Public
datastructure,WB.DATA360:DS_DATA360(1.2),I,A,Annual,LTU,Lithuania,WB_BID_PPI_PPS,Public Private Partnerships (PPP) Benchmarking: Preparation Score,_T,Total,_T,All age ranges or no breakdown by age,_T,Total,SCORE,Score,_Z,Not Applicable,_Z,Not Applicable,_Z,Not Applicable,2023,77.19298245614037,WB_BID,Benchmarking Infrastructure Development,0,Units,NUMBER,Number (real number),602,CCYY,A,Normal value,PU,Public
datastructure,WB.DATA360:DS_DATA360(1.2),I,A,Annual,MDG,Madagascar,WB_BID_PPI_PPS,Public Private Partnerships (PPP) Benchmarking: Preparation Score,_T,Total,_T,All age ranges or no breakdown by age,_T,Total,SCORE,Score,_Z,Not Applicable,_Z,Not Applicable,_Z,Not Applicable,2023,50.2923976608187,WB_BID,Benchmarking Infrastructure Development,0,Units,NUMBER,Number (real number),602,CCYY,A,Normal value,PU,Public
datastructure,WB.DATA360:DS_DATA360(1.2),I,A,Annual,MWI,Malawi,WB_BID_PPI_PPS,Public Private Partnerships (PPP) Benchmarking: Preparation Score,_T,Total,_T,All age ranges or no breakdown by age,_T,Total,SCORE,Score,_Z,Not Applicable,_Z,Not Applicable,_Z,Not Applicable,2023,77.48538011695906,WB_BID,Benchmarking Infrastructure Development,0,Units,NUMBER,Number (real number),602,CCYY,A,Normal value,PU,Public
datastructure,WB.DATA360:DS_DATA360(1.2),I,A,Annual,MYS,Malaysia,WB_BID_PPI_PPS,Public Private Partnerships (PPP) Benchmarking: Preparation Score,_T,Total,_T,All age ranges or no breakdown by age,_T,Total,SCORE,Score,_Z,Not Applicable,_Z,Not Applicable,_Z,Not Applicable,2023,21.92982456140351,WB_BID,Benchmarking Infrastructure Development,0,Units,NUMBER,Number (real number),602,CCYY,A,Normal value,PU,Public
datastructure,WB.DATA360:DS_DATA360(1.2),I,A,Annual,MLI,Mali,WB_BID_PPI_PPS,Public Private Partnerships (PPP) Benchmarking: Preparation Score,_T,Total,_T,All age ranges or no breakdown by age,_T,Total,SCORE,Score,_Z,Not Applicable,_Z,Not Applicable,_Z,Not Applicable,2023,44.73684210526316,WB_BID,Benchmarking Infrastructure Development,0,Units,NUMBER,Number (real number),602,CCYY,A,Normal value,PU,Public
datastructure,WB.DATA360:DS_DATA360(1.2),I,A,Annual,MUS,Mauritius,WB_BID_PPI_PPS,Public Private Partnerships (PPP) Benchmarking: Preparation Score,_T,Total,_T,All age ranges or no breakdown by age,_T,Total,SCORE,Score,_Z,Not Applicable,_Z,Not Applicable,_Z,Not Applicable,2023,44.73684210526316,WB_BID,Benchmarking Infrastructure Development,0,Units,NUMBER,Number (real number),602,CCYY,A,Normal value,PU,Public
datastructure,WB.DATA360:DS_DATA360(1.2),I,A,Annual,MEX,Mexico,WB_BID_PPI_PPS,Public Private Partnerships (PPP) Benchmarking: Preparation Score,_T,Total,_T,All age ranges or no breakdown by age,_T,Total,SCORE,Score,_Z,Not Applicable,_Z,Not Applicable,_Z,Not Applicable,2023,70.76023391812865,WB_BID,Benchmarking Infrastructure Development,0,Units,NUMBER,Number (real number),602,CCYY,A,Normal value,PU,Public
datastructure,WB.DATA360:DS_DATA360(1.2),I,A,Annual,MDA,Moldova,WB_BID_PPI_PPS,Public Private Partnerships (PPP) Benchmarking: Preparation Score,_T,Total,_T,All age ranges or no breakdown by age,_T,Total,SCORE,Score,_Z,Not Applicable,_Z,Not Applicable,_Z,Not Applicable,2023,50.58479532163741,WB_BID,Benchmarking Infrastructure Development,0,Units,NUMBER,Number (real number),602,CCYY,A,Normal value,PU,Public
datastructure,WB.DATA360:DS_DATA360(1.2),I,A,Annual,MNG,Mongolia,WB_BID_PPI_PPS,Public Private Partnerships (PPP) Benchmarking: Preparation Score,_T,Total,_T,All age ranges or no breakdown by age,_T,Total,SCORE,Score,_Z,Not Applicable,_Z,Not Applicable,_Z,Not Applicable,2023,47.36842105263156,WB_BID,Benchmarking Infrastructure Development,0,Units,NUMBER,Number (real number),602,CCYY,A,Normal value,PU,Public
datastructure,WB.DATA360:DS_DATA360(1.2),I,A,Annual,MNE,Montenegro,WB_BID_PPI_PPS,Public Private Partnerships (PPP) Benchmarking: Preparation Score,_T,Total,_T,All age ranges or no breakdown by age,_T,Total,SCORE,Score,_Z,Not Applicable,_Z,Not Applicable,_Z,Not Applicable,2023,58.47953216374266,WB_BID,Benchmarking Infrastructure Development,0,Units,NUMBER,Number (real number),602,CCYY,A,Normal value,PU,Public
datastructure,WB.DATA360:DS_DATA360(1.2),I,A,Annual,MAR,Morocco,WB_BID_PPI_PPS,Public Private Partnerships (PPP) Benchmarking: Preparation Score,_T,Total,_T,All age ranges or no breakdown by age,_T,Total,SCORE,Score,_Z,Not Applicable,_Z,Not Applicable,_Z,Not Applicable,2023,50.0,WB_BID,Benchmarking Infrastructure Development,0,Units,NUMBER,Number (real number),602,CCYY,A,Normal value,PU,Public
datastructure,WB.DATA360:DS_DATA360(1.2),I,A,Annual,MOZ,Mozambique,WB_BID_PPI_PPS,Public Private Partnerships (PPP) Benchmarking: Preparation Score,_T,Total,_T,All age ranges or no breakdown by age,_T,Total,SCORE,Score,_Z,Not Applicable,_Z,Not Applicable,_Z,Not Applicable,2023,38.59649122807016,WB_BID,Benchmarking Infrastructure Development,0,Units,NUMBER,Number (real number),602,CCYY,A,Normal value,PU,Public
datastructure,WB.DATA360:DS_DATA360(1.2),I,A,Annual,NPL,Nepal,WB_BID_PPI_PPS,Public Private Partnerships (PPP) Benchmarking: Preparation Score,_T,Total,_T,All age ranges or no breakdown by age,_T,Total,SCORE,Score,_Z,Not Applicable,_Z,Not Applicable,_Z,Not Applicable,2023,38.59649122807017,WB_BID,Benchmarking Infrastructure Development,0,Units,NUMBER,Number (real number),602,CCYY,A,Normal value,PU,Public
datastructure,WB.DATA360:DS_DATA360(1.2),I,A,Annual,NLD,Netherlands,WB_BID_PPI_PPS,Public Private Partnerships (PPP) Benchmarking: Preparation Score,_T,Total,_T,All age ranges or no breakdown by age,_T,Total,SCORE,Score,_Z,Not Applicable,_Z,Not Applicable,_Z,Not Applicable,2023,58.4795321637427,WB_BID,Benchmarking Infrastructure Development,0,Units,NUMBER,Number (real number),602,CCYY,A,Normal value,PU,Public
datastructure,WB.DATA360:DS_DATA360(1.2),I,A,Annual,NZL,New Zealand,WB_BID_PPI_PPS,Public Private Partnerships (PPP) Benchmarking: Preparation Score,_T,Total,_T,All age ranges or no breakdown by age,_T,Total,SCORE,Score,_Z,Not Applicable,_Z,Not Applicable,_Z,Not Applicable,2023,63.15789473684213,WB_BID,Benchmarking Infrastructure Development,0,Units,NUMBER,Number (real number),602,CCYY,A,Normal value,PU,Public
datastructure,WB.DATA360:DS_DATA360(1.2),I,A,Annual,NIC,Nicaragua,WB_BID_PPI_PPS,Public Private Partnerships (PPP) Benchmarking: Preparation Score,_T,Total,_T,All age ranges or no breakdown by age,_T,Total,SCORE,Score,_Z,Not Applicable,_Z,Not Applicable,_Z,Not Applicable,2023,44.44444444444442,WB_BID,Benchmarking Infrastructure Development,0,Units,NUMBER,Number (real number),602,CCYY,A,Normal value,PU,Public
datastructure,WB.DATA360:DS_DATA360(1.2),I,A,Annual,NER,Niger,WB_BID_PPI_PPS,Public Private Partnerships (PPP) Benchmarking: Preparation Score,_T,Total,_T,All age ranges or no breakdown by age,_T,Total,SCORE,Score,_Z,Not Applicable,_Z,Not Applicable,_Z,Not Applicable,2023,49.12280701754386,WB_BID,Benchmarking Infrastructure Development,0,Units,NUMBER,Number (real number),602,CCYY,A,Normal value,PU,Public
datastructure,WB.DATA360:DS_DATA360(1.2),I,A,Annual,NGA,Nigeria,WB_BID_PPI_PPS,Public Private Partnerships (PPP) Benchmarking: Preparation Score,_T,Total,_T,All age ranges or no breakdown by age,_T,Total,SCORE,Score,_Z,Not Applicable,_Z,Not Applicable,_Z,Not Applicable,2023,29.82456140350877,WB_BID,Benchmarking Infrastructure Development,0,Units,NUMBER,Number (real number),602,CCYY,A,Normal value,PU,Public
datastructure,WB.DATA360:DS_DATA360(1.2),I,A,Annual,MKD,North Macedonia,WB_BID_PPI_PPS,Public Private Partnerships (PPP) Benchmarking: Preparation Score,_T,Total,_T,All age ranges or no breakdown by age,_T,Total,SCORE,Score,_Z,Not Applicable,_Z,Not Applicable,_Z,Not Applicable,2023,50.58479532163741,WB_BID,Benchmarking Infrastructure Development,0,Units,NUMBER,Number (real number),602,CCYY,A,Normal value,PU,Public
datastructure,WB.DATA360:DS_DATA360(1.2),I,A,Annual,PAK,Pakistan,WB_BID_PPI_PPS,Public Private Partnerships (PPP) Benchmarking: Preparation Score,_T,Total,_T,All age ranges or no breakdown by age,_T,Total,SCORE,Score,_Z,Not Applicable,_Z,Not Applicable,_Z,Not Applicable,2023,54.678362573099406,WB_BID,Benchmarking Infrastructure Development,0,Units,NUMBER,Number (real number),602,CCYY,A,Normal value,PU,Public
datastructure,WB.DATA360:DS_DATA360(1.2),I,A,Annual,PAN,Panama,WB_BID_PPI_PPS,Public Private Partnerships (PPP) Benchmarking: Preparation Score,_T,Total,_T,All age ranges or no breakdown by age,_T,Total,SCORE,Score,_Z,Not Applicable,_Z,Not Applicable,_Z,Not Applicable,2023,53.50877192982455,WB_BID,Benchmarking Infrastructure Development,0,Units,NUMBER,Number (real number),602,CCYY,A,Normal value,PU,Public
datastructure,WB.DATA360:DS_DATA360(1.2),I,A,Annual,PNG,Papua New Guinea,WB_BID_PPI_PPS,Public Private Partnerships (PPP) Benchmarking: Preparation Score,_T,Total,_T,All age ranges or no breakdown by age,_T,Total,SCORE,Score,_Z,Not Applicable,_Z,Not Applicable,_Z,Not Applicable,2023,32.45614035087719,WB_BID,Benchmarking Infrastructure Development,0,Units,NUMBER,Number (real number),602,CCYY,A,Normal value,PU,Public
datastructure,WB.DATA360:DS_DATA360(1.2),I,A,Annual,PRY,Paraguay,WB_BID_PPI_PPS,Public Private Partnerships (PPP) Benchmarking: Preparation Score,_T,Total,_T,All age ranges or no breakdown by age,_T,Total,SCORE,Score,_Z,Not Applicable,_Z,Not Applicable,_Z,Not Applicable,2023,73.09941520467837,WB_BID,Benchmarking Infrastructure Development,0,Units,NUMBER,Number (real number),602,CCYY,A,Normal value,PU,Public
datastructure,WB.DATA360:DS_DATA360(1.2),I,A,Annual,PER,Peru,WB_BID_PPI_PPS,Public Private Partnerships (PPP) Benchmarking: Preparation Score,_T,Total,_T,All age ranges or no breakdown by age,_T,Total,SCORE,Score,_Z,Not Applicable,_Z,Not Applicable,_Z,Not Applicable,2023,77.77777777777779,WB_BID,Benchmarking Infrastructure Development,0,Units,NUMBER,Number (real number),602,CCYY,A,Normal value,PU,Public
datastructure,WB.DATA360:DS_DATA360(1.2),I,A,Annual,PHL,Philippines,WB_BID_PPI_PPS,Public Private Partnerships (PPP) Benchmarking: Preparation Score,_T,Total,_T,All age ranges or no breakdown by age,_T,Total,SCORE,Score,_Z,Not Applicable,_Z,Not Applicable,_Z,Not Applicable,2023,78.94736842105266,WB_BID,Benchmarking Infrastructure Development,0,Units,NUMBER,Number (real number),602,CCYY,A,Normal value,PU,Public
datastructure,WB.DATA360:DS_DATA360(1.2),I,A,Annual,POL,Poland,WB_BID_PPI_PPS,Public Private Partnerships (PPP) Benchmarking: Preparation Score,_T,Total,_T,All age ranges or no breakdown by age,_T,Total,SCORE,Score,_Z,Not Applicable,_Z,Not Applicable,_Z,Not Applicable,2023,67.2514619883041,WB_BID,Benchmarking Infrastructure Development,0,Units,NUMBER,Number (real number),602,CCYY,A,Normal value,PU,Public
datastructure,WB.DATA360:DS_DATA360(1.2),I,A,Annual,PRT,Portugal,WB_BID_PPI_PPS,Public Private Partnerships (PPP) Benchmarking: Preparation Score,_T,Total,_T,All age ranges or no breakdown by age,_T,Total,SCORE,Score,_Z,Not Applicable,_Z,Not Applicable,_Z,Not Applicable,2023,52.046783625730974,WB_BID,Benchmarking Infrastructure Development,0,Units,NUMBER,Number (real number),602,CCYY,A,Normal value,PU,Public
datastructure,WB.DATA360:DS_DATA360(1.2),I,A,Annual,QAT,Qatar,WB_BID_PPI_PPS,Public Private Partnerships (PPP) Benchmarking: Preparation Score,_T,Total,_T,All age ranges or no breakdown by age,_T,Total,SCORE,Score,_Z,Not Applicable,_Z,Not Applicable,_Z,Not Applicable,2023,14.912280701754383,WB_BID,Benchmarking Infrastructure Development,0,Units,NUMBER,Number (real number),602,CCYY,A,Normal value,PU,Public
datastructure,WB.DATA360:DS_DATA360(1.2),I,A,Annual,ROU,Romania,WB_BID_PPI_PPS,Public Private Partnerships (PPP) Benchmarking: Preparation Score,_T,Total,_T,All age ranges or no breakdown by age,_T,Total,SCORE,Score,_Z,Not Applicable,_Z,Not Applicable,_Z,Not Applicable,2023,76.02339181286547,WB_BID,Benchmarking Infrastructure Development,0,Units,NUMBER,Number (real number),602,CCYY,A,Normal value,PU,Public
datastructure,WB.DATA360:DS_DATA360(1.2),I,A,Annual,RWA,Rwanda,WB_BID_PPI_PPS,Public Private Partnerships (PPP) Benchmarking: Preparation Score,_T,Total,_T,All age ranges or no breakdown by age,_T,Total,SCORE,Score,_Z,Not Applicable,_Z,Not Applicable,_Z,Not Applicable,2023,54.38596491228069,WB_BID,Benchmarking Infrastructure Development,0,Units,NUMBER,Number (real number),602,CCYY,A,Normal value,PU,Public
datastructure,WB.DATA360:DS_DATA360(1.2),I,A,Annual,WSM,Samoa,WB_BID_PPI_PPS,Public Private Partnerships (PPP) Benchmarking: Preparation Score,_T,Total,_T,All age ranges or no breakdown by age,_T,Total,SCORE,Score,_Z,Not Applicable,_Z,Not Applicable,_Z,Not Applicable,2023,26.315789473684216,WB_BID,Benchmarking Infrastructure Development,0,Units,NUMBER,Number (real number),602,CCYY,A,Normal value,PU,Public
datastructure,WB.DATA360:DS_DATA360(1.2),I,A,Annual,SAU,Saudi Arabia,WB_BID_PPI_PPS,Public Private Partnerships (PPP) Benchmarking: Preparation Score,_T,Total,_T,All age ranges or no breakdown by age,_T,Total,SCORE,Score,_Z,Not Applicable,_Z,Not Applicable,_Z,Not Applicable,2023,56.140350877193,WB_BID,Benchmarking Infrastructure Development,0,Units,NUMBER,Number (real number),602,CCYY,A,Normal value,PU,Public
datastructure,WB.DATA360:DS_DATA360(1.2),I,A,Annual,SEN,Senegal,WB_BID_PPI_PPS,Public Private Partnerships (PPP) Benchmarking: Preparation Score,_T,Total,_T,All age ranges or no breakdown by age,_T,Total,SCORE,Score,_Z,Not Applicable,_Z,Not Applicable,_Z,Not Applicable,2023,44.73684210526316,WB_BID,Benchmarking Infrastructure Development,0,Units,NUMBER,Number (real number),602,CCYY,A,Normal value,PU,Public
datastructure,WB.DATA360:DS_DATA360(1.2),I,A,Annual,SRB,Serbia,WB_BID_PPI_PPS,Public Private Partnerships (PPP) Benchmarking: Preparation Score,_T,Total,_T,All age ranges or no breakdown by age,_T,Total,SCORE,Score,_Z,Not Applicable,_Z,Not Applicable,_Z,Not Applicable,2023,48.245614035087705,WB_BID,Benchmarking Infrastructure Development,0,Units,NUMBER,Number (real number),602,CCYY,A,Normal value,PU,Public
datastructure,WB.DATA360:DS_DATA360(1.2),I,A,Annual,SLE,Sierra Leone,WB_BID_PPI_PPS,Public Private Partnerships (PPP) Benchmarking: Preparation Score,_T,Total,_T,All age ranges or no breakdown by age,_T,Total,SCORE,Score,_Z,Not Applicable,_Z,Not Applicable,_Z,Not Applicable,2023,26.31578947368421,WB_BID,Benchmarking Infrastructure Development,0,Units,NUMBER,Number (real number),602,CCYY,A,Normal value,PU,Public
datastructure,WB.DATA360:DS_DATA360(1.2),I,A,Annual,SGP,Singapore,WB_BID_PPI_PPS,Public Private Partnerships (PPP) Benchmarking: Preparation Score,_T,Total,_T,All age ranges or no breakdown by age,_T,Total,SCORE,Score,_Z,Not Applicable,_Z,Not Applicable,_Z,Not Applicable,2023,28.947368421052637,WB_BID,Benchmarking Infrastructure Development,0,Units,NUMBER,Number (real number),602,CCYY,A,Normal value,PU,Public
datastructure,WB.DATA360:DS_DATA360(1.2),I,A,Annual,SVK,Slovak Republic,WB_BID_PPI_PPS,Public Private Partnerships (PPP) Benchmarking: Preparation Score,_T,Total,_T,All age ranges or no breakdown by age,_T,Total,SCORE,Score,_Z,Not Applicable,_Z,Not Applicable,_Z,Not Applicable,2023,81.87134502923976,WB_BID,Benchmarking Infrastructure Development,0,Units,NUMBER,Number (real number),602,CCYY,A,Normal value,PU,Public
datastructure,WB.DATA360:DS_DATA360(1.2),I,A,Annual,SVN,Slovenia,WB_BID_PPI_PPS,Public Private Partnerships (PPP) Benchmarking: Preparation Score,_T,Total,_T,All age ranges or no breakdown by age,_T,Total,SCORE,Score,_Z,Not Applicable,_Z,Not Applicable,_Z,Not Applicable,2023,40.935672514619874,WB_BID,Benchmarking Infrastructure Development,0,Units,NUMBER,Number (real number),602,CCYY,A,Normal value,PU,Public
datastructure,WB.DATA360:DS_DATA360(1.2),I,A,Annual,SLB,Solomon Islands,WB_BID_PPI_PPS,Public Private Partnerships (PPP) Benchmarking: Preparation Score,_T,Total,_T,All age ranges or no breakdown by age,_T,Total,SCORE,Score,_Z,Not Applicable,_Z,Not Applicable,_Z,Not Applicable,2023,26.315789473684216,WB_BID,Benchmarking Infrastructure Development,0,Units,NUMBER,Number (real number),602,CCYY,A,Normal value,PU,Public
datastructure,WB.DATA360:DS_DATA360(1.2),I,A,Annual,SOM,Somalia,WB_BID_PPI_PPS,Public Private Partnerships (PPP) Benchmarking: Preparation Score,_T,Total,_T,All age ranges or no breakdown by age,_T,Total,SCORE,Score,_Z,Not Applicable,_Z,Not Applicable,_Z,Not Applicable,2023,42.39766081871343,WB_BID,Benchmarking Infrastructure Development,0,Units,NUMBER,Number (real number),602,CCYY,A,Normal value,PU,Public
datastructure,WB.DATA360:DS_DATA360(1.2),I,A,Annual,ZAF,South Africa,WB_BID_PPI_PPS,Public Private Partnerships (PPP) Benchmarking: Preparation Score,_T,Total,_T,All age ranges or no breakdown by age,_T,Total,SCORE,Score,_Z,Not Applicable,_Z,Not Applicable,_Z,Not Applicable,2023,75.7309941520468,WB_BID,Benchmarking Infrastructure Development,0,Units,NUMBER,Number (real number),602,CCYY,A,Normal value,PU,Public
datastructure,WB.DATA360:DS_DATA360(1.2),I,A,Annual,ESP,Spain,WB_BID_PPI_PPS,Public Private Partnerships (PPP) Benchmarking: Preparation Score,_T,Total,_T,All age ranges or no breakdown by age,_T,Total,SCORE,Score,_Z,Not Applicable,_Z,Not Applicable,_Z,Not Applicable,2023,47.36842105263155,WB_BID,Benchmarking Infrastructure Development,0,Units,NUMBER,Number (real number),602,CCYY,A,Normal value,PU,Public
datastructure,WB.DATA360:DS_DATA360(1.2),I,A,Annual,LKA,Sri Lanka,WB_BID_PPI_PPS,Public Private Partnerships (PPP) Benchmarking: Preparation Score,_T,Total,_T,All age ranges or no breakdown by age,_T,Total,SCORE,Score,_Z,Not Applicable,_Z,Not Applicable,_Z,Not Applicable,2023,22.222222222222225,WB_BID,Benchmarking Infrastructure Development,0,Units,NUMBER,Number (real number),602,CCYY,A,Normal value,PU,Public
datastructure,WB.DATA360:DS_DATA360(1.2),I,A,Annual,SDN,Sudan,WB_BID_PPI_PPS,Public Private Partnerships (PPP) Benchmarking: Preparation Score,_T,Total,_T,All age ranges or no breakdown by age,_T,Total,SCORE,Score,_Z,Not Applicable,_Z,Not Applicable,_Z,Not Applicable,2023,16.666666666666668,WB_BID,Benchmarking Infrastructure Development,0,Units,NUMBER,Number (real number),602,CCYY,A,Normal value,PU,Public
datastructure,WB.DATA360:DS_DATA360(1.2),I,A,Annual,SWE,Sweden,WB_BID_PPI_PPS,Public Private Partnerships (PPP) Benchmarking: Preparation Score,_T,Total,_T,All age ranges or no breakdown by age,_T,Total,SCORE,Score,_Z,Not Applicable,_Z,Not Applicable,_Z,Not Applicable,2023,19.29824561403509,WB_BID,Benchmarking Infrastructure Development,0,Units,NUMBER,Number (real number),602,CCYY,A,Normal value,PU,Public
datastructure,WB.DATA360:DS_DATA360(1.2),I,A,Annual,CHE,Switzerland,WB_BID_PPI_PPS,Public Private Partnerships (PPP) Benchmarking: Preparation Score,_T,Total,_T,All age ranges or no breakdown by age,_T,Total,SCORE,Score,_Z,Not Applicable,_Z,Not Applicable,_Z,Not Applicable,2023,25.438596491228072,WB_BID,Benchmarking Infrastructure Development,0,Units,NUMBER,Number (real number),602,CCYY,A,Normal value,PU,Public
datastructure,WB.DATA360:DS_DATA360(1.2),I,A,Annual,TJK,Tajikistan,WB_BID_PPI_PPS,Public Private Partnerships (PPP) Benchmarking: Preparation Score,_T,Total,_T,All age ranges or no breakdown by age,_T,Total,SCORE,Score,_Z,Not Applicable,_Z,Not Applicable,_Z,Not Applicable,2023,54.678362573099406,WB_BID,Benchmarking Infrastructure Development,0,Units,NUMBER,Number (real number),602,CCYY,A,Normal value,PU,Public
datastructure,WB.DATA360:DS_DATA360(1.2),I,A,Annual,TZA,Tanzania,WB_BID_PPI_PPS,Public Private Partnerships (PPP) Benchmarking: Preparation Score,_T,Total,_T,All age ranges or no breakdown by age,_T,Total,SCORE,Score,_Z,Not Applicable,_Z,Not Applicable,_Z,Not Applicable,2023,42.98245614035087,WB_BID,Benchmarking Infrastructure Development,0,Units,NUMBER,Number (real number),602,CCYY,A,Normal value,PU,Public
datastructure,WB.DATA360:DS_DATA360(1.2),I,A,Annual,THA,Thailand,WB_BID_PPI_PPS,Public Private Partnerships (PPP) Benchmarking: Preparation Score,_T,Total,_T,All age ranges or no breakdown by age,_T,Total,SCORE,Score,_Z,Not Applicable,_Z,Not Applicable,_Z,Not Applicable,2023,35.08771929824561,WB_BID,Benchmarking Infrastructure Development,0,Units,NUMBER,Number (real number),602,CCYY,A,Normal value,PU,Public
datastructure,WB.DATA360:DS_DATA360(1.2),I,A,Annual,TLS,Timor-Leste,WB_BID_PPI_PPS,Public Private Partnerships (PPP) Benchmarking: Preparation Score,_T,Total,_T,All age ranges or no breakdown by age,_T,Total,SCORE,Score,_Z,Not Applicable,_Z,Not Applicable,_Z,Not Applicable,2023,20.175438596491237,WB_BID,Benchmarking Infrastructure Development,0,Units,NUMBER,Number (real number),602,CCYY,A,Normal value,PU,Public
datastructure,WB.DATA360:DS_DATA360(1.2),I,A,Annual,TGO,Togo,WB_BID_PPI_PPS,Public Private Partnerships (PPP) Benchmarking: Preparation Score,_T,Total,_T,All age ranges or no breakdown by age,_T,Total,SCORE,Score,_Z,Not Applicable,_Z,Not Applicable,_Z,Not Applicable,2023,33.33333333333333,WB_BID,Benchmarking Infrastructure Development,0,Units,NUMBER,Number (real number),602,CCYY,A,Normal value,PU,Public
datastructure,WB.DATA360:DS_DATA360(1.2),I,A,Annual,TON,Tonga,WB_BID_PPI_PPS,Public Private Partnerships (PPP) Benchmarking: Preparation Score,_T,Total,_T,All age ranges or no breakdown by age,_T,Total,SCORE,Score,_Z,Not Applicable,_Z,Not Applicable,_Z,Not Applicable,2023,25.438596491228072,WB_BID,Benchmarking Infrastructure Development,0,Units,NUMBER,Number (real number),602,CCYY,A,Normal value,PU,Public
datastructure,WB.DATA360:DS_DATA360(1.2),I,A,Annual,TTO,Trinidad and Tobago,WB_BID_PPI_PPS,Public Private Partnerships (PPP) Benchmarking: Preparation Score,_T,Total,_T,All age ranges or no breakdown by age,_T,Total,SCORE,Score,_Z,Not Applicable,_Z,Not Applicable,_Z,Not Applicable,2023,31.578947368421044,WB_BID,Benchmarking Infrastructure Development,0,Units,NUMBER,Number (real number),602,CCYY,A,Normal value,PU,Public
datastructure,WB.DATA360:DS_DATA360(1.2),I,A,Annual,TUN,Tunisia,WB_BID_PPI_PPS,Public Private Partnerships (PPP) Benchmarking: Preparation Score,_T,Total,_T,All age ranges or no breakdown by age,_T,Total,SCORE,Score,_Z,Not Applicable,_Z,Not Applicable,_Z,Not Applicable,2023,41.22807017543859,WB_BID,Benchmarking Infrastructure Development,0,Units,NUMBER,Number (real number),602,CCYY,A,Normal value,PU,Public
datastructure,WB.DATA360:DS_DATA360(1.2),I,A,Annual,TUR,Turkiye,WB_BID_PPI_PPS,Public Private Partnerships (PPP) Benchmarking: Preparation Score,_T,Total,_T,All age ranges or no breakdown by age,_T,Total,SCORE,Score,_Z,Not Applicable,_Z,Not Applicable,_Z,Not Applicable,2023,36.54970760233917,WB_BID,Benchmarking Infrastructure Development,0,Units,NUMBER,Number (real number),602,CCYY,A,Normal value,PU,Public
datastructure,WB.DATA360:DS_DATA360(1.2),I,A,Annual,UGA,Uganda,WB_BID_PPI_PPS,Public Private Partnerships (PPP) Benchmarking: Preparation Score,_T,Total,_T,All age ranges or no breakdown by age,_T,Total,SCORE,Score,_Z,Not Applicable,_Z,Not Applicable,_Z,Not Applicable,2023,51.16959064327485,WB_BID,Benchmarking Infrastructure Development,0,Units,NUMBER,Number (real number),602,CCYY,A,Normal value,PU,Public
datastructure,WB.DATA360:DS_DATA360(1.2),I,A,Annual,UKR,Ukraine,WB_BID_PPI_PPS,Public Private Partnerships (PPP) Benchmarking: Preparation Score,_T,Total,_T,All age ranges or no breakdown by age,_T,Total,SCORE,Score,_Z,Not Applicable,_Z,Not Applicable,_Z,Not Applicable,2023,73.39181286549706,WB_BID,Benchmarking Infrastructure Development,0,Units,NUMBER,Number (real number),602,CCYY,A,Normal value,PU,Public
datastructure,WB.DATA360:DS_DATA360(1.2),I,A,Annual,ARE,United Arab Emirates,WB_BID_PPI_PPS,Public Private Partnerships (PPP) Benchmarking: Preparation Score,_T,Total,_T,All age ranges or no breakdown by age,_T,Total,SCORE,Score,_Z,Not Applicable,_Z,Not Applicable,_Z,Not Applicable,2023,61.40350877192983,WB_BID,Benchmarking Infrastructure Development,0,Units,NUMBER,Number (real number),602,CCYY,A,Normal value,PU,Public
datastructure,WB.DATA360:DS_DATA360(1.2),I,A,Annual,GBR,United Kingdom,WB_BID_PPI_PPS,Public Private Partnerships (PPP) Benchmarking: Preparation Score,_T,Total,_T,All age ranges or no breakdown by age,_T,Total,SCORE,Score,_Z,Not Applicable,_Z,Not Applicable,_Z,Not Applicable,2023,82.45614035087722,WB_BID,Benchmarking Infrastructure Development,0,Units,NUMBER,Number (real number),602,CCYY,A,Normal value,PU,Public
datastructure,WB.DATA360:DS_DATA360(1.2),I,A,Annual,USA,United States,WB_BID_PPI_PPS,Public Private Partnerships (PPP) Benchmarking: Preparation Score,_T,Total,_T,All age ranges or no breakdown by age,_T,Total,SCORE,Score,_Z,Not Applicable,_Z,Not Applicable,_Z,Not Applicable,2023,61.11111111111111,WB_BID,Benchmarking Infrastructure Development,0,Units,NUMBER,Number (real number),602,CCYY,A,Normal value,PU,Public
datastructure,WB.DATA360:DS_DATA360(1.2),I,A,Annual,URY,Uruguay,WB_BID_PPI_PPS,Public Private Partnerships (PPP) Benchmarking: Preparation Score,_T,Total,_T,All age ranges or no breakdown by age,_T,Total,SCORE,Score,_Z,Not Applicable,_Z,Not Applicable,_Z,Not Applicable,2023,62.28070175438596,WB_BID,Benchmarking Infrastructure Development,0,Units,NUMBER,Number (real number),602,CCYY,A,Normal value,PU,Public
datastructure,WB.DATA360:DS_DATA360(1.2),I,A,Annual,UZB,Uzbekistan,WB_BID_PPI_PPS,Public Private Partnerships (PPP) Benchmarking: Preparation Score,_T,Total,_T,All age ranges or no breakdown by age,_T,Total,SCORE,Score,_Z,Not Applicable,_Z,Not Applicable,_Z,Not Applicable,2023,24.269005847953217,WB_BID,Benchmarking Infrastructure Development,0,Units,NUMBER,Number (real number),602,CCYY,A,Normal value,PU,Public
datastructure,WB.DATA360:DS_DATA360(1.2),I,A,Annual,VUT,Vanuatu,WB_BID_PPI_PPS,Public Private Partnerships (PPP) Benchmarking: Preparation Score,_T,Total,_T,All age ranges or no breakdown by age,_T,Total,SCORE,Score,_Z,Not Applicable,_Z,Not Applicable,_Z,Not Applicable,2023,34.21052631578947,WB_BID,Benchmarking Infrastructure Development,0,Units,NUMBER,Number (real number),602,CCYY,A,Normal value,PU,Public
datastructure,WB.DATA360:DS_DATA360(1.2),I,A,Annual,VNM,Viet Nam,WB_BID_PPI_PPS,Public Private Partnerships (PPP) Benchmarking: Preparation Score,_T,Total,_T,All age ranges or no breakdown by age,_T,Total,SCORE,Score,_Z,Not Applicable,_Z,Not Applicable,_Z,Not Applicable,2023,71.92982456140352,WB_BID,Benchmarking Infrastructure Development,0,Units,NUMBER,Number (real number),602,CCYY,A,Normal value,PU,Public
datastructure,WB.DATA360:DS_DATA360(1.2),I,A,Annual,ZMB,Zambia,WB_BID_PPI_PPS,Public Private Partnerships (PPP) Benchmarking: Preparation Score,_T,Total,_T,All age ranges or no breakdown by age,_T,Total,SCORE,Score,_Z,Not Applicable,_Z,Not Applicable,_Z,Not Applicable,2023,45.906432748538,WB_BID,Benchmarking Infrastructure Development,0,Units,NUMBER,Number (real number),602,CCYY,A,Normal value,PU,Public
datastructure,WB.DATA360:DS_DATA360(1.2),I,A,Annual,ZWE,Zimbabwe,WB_BID_PPI_PPS,Public Private Partnerships (PPP) Benchmarking: Preparation Score,_T,Total,_T,All age ranges or no breakdown by age,_T,Total,SCORE,Score,_Z,Not Applicable,_Z,Not Applicable,_Z,Not Applicable,2023,46.491228070175445,WB_BID,Benchmarking Infrastructure Development,0,Units,NUMBER,Number (real number),602,CCYY,A,Normal value,PU,Public
datastructure,WB.DATA360:DS_DATA360(1.2),I,A,Annual,MMR,Myanmar,WB_BID_PPI_PPS,Public Private Partnerships (PPP) Benchmarking: Preparation Score,_T,Total,_T,All age ranges or no breakdown by age,_T,Total,SCORE,Score,_Z,Not Applicable,_Z,Not Applicable,_Z,Not Applicable,2023,10.526315789473683,WB_BID,Benchmarking Infrastructure Development,0,Units,NUMBER,Number (real number),602,CCYY,A,Normal value,PU,Public
datastructure,WB.DATA360:DS_DATA360(1.2),I,A,Annual,RUS,Russian Federation,WB_BID_PPI_PPS,Public Private Partnerships (PPP) Benchmarking: Preparation Score,_T,Total,_T,All age ranges or no breakdown by age,_T,Total,SCORE,Score,_Z,Not Applicable,_Z,Not Applicable,_Z,Not Applicable,2023,56.43274853801167,WB_BID,Benchmarking Infrastructure Development,0,Units,NUMBER,Number (real number),602,CCYY,A,Normal value,PU,Public
datastructure,WB.DATA360:DS_DATA360(1.2),I,A,Annual,AFG,Afghanistan,WB_BID_PPI_PRS,Public Private Partnerships (PPP) Benchmarking: Procurement Score,_T,Total,_T,All age ranges or no breakdown by age,_T,Total,SCORE,Score,_Z,Not Applicable,_Z,Not Applicable,_Z,Not Applicable,2023,50.81300813008129,WB_BID,Benchmarking Infrastructure Development,0,Units,NUMBER,Number (real number),602,CCYY,A,Normal value,PU,Public
datastructure,WB.DATA360:DS_DATA360(1.2),I,A,Annual,ALB,Albania,WB_BID_PPI_PRS,Public Private Partnerships (PPP) Benchmarking: Procurement Score,_T,Total,_T,All age ranges or no breakdown by age,_T,Total,SCORE,Score,_Z,Not Applicable,_Z,Not Applicable,_Z,Not Applicable,2023,85.77235772357723,WB_BID,Benchmarking Infrastructure Development,0,Units,NUMBER,Number (real number),602,CCYY,A,Normal value,PU,Public
datastructure,WB.DATA360:DS_DATA360(1.2),I,A,Annual,DZA,Algeria,WB_BID_PPI_PRS,Public Private Partnerships (PPP) Benchmarking: Procurement Score,_T,Total,_T,All age ranges or no breakdown by age,_T,Total,SCORE,Score,_Z,Not Applicable,_Z,Not Applicable,_Z,Not Applicable,2023,52.4390243902439,WB_BID,Benchmarking Infrastructure Development,0,Units,NUMBER,Number (real number),602,CCYY,A,Normal value,PU,Public
datastructure,WB.DATA360:DS_DATA360(1.2),I,A,Annual,AGO,Angola,WB_BID_PPI_PRS,Public Private Partnerships (PPP) Benchmarking: Procurement Score,_T,Total,_T,All age ranges or no breakdown by age,_T,Total,SCORE,Score,_Z,Not Applicable,_Z,Not Applicable,_Z,Not Applicable,2023,65.04065040650406,WB_BID,Benchmarking Infrastructure Development,0,Units,NUMBER,Number (real number),602,CCYY,A,Normal value,PU,Public
datastructure,WB.DATA360:DS_DATA360(1.2),I,A,Annual,ARG,Argentina,WB_BID_PPI_PRS,Public Private Partnerships (PPP) Benchmarking: Procurement Score,_T,Total,_T,All age ranges or no breakdown by age,_T,Total,SCORE,Score,_Z,Not Applicable,_Z,Not Applicable,_Z,Not Applicable,2023,67.47967479674796,WB_BID,Benchmarking Infrastructure Development,0,Units,NUMBER,Number (real number),602,CCYY,A,Normal value,PU,Public
datastructure,WB.DATA360:DS_DATA360(1.2),I,A,Annual,ARM,Armenia,WB_BID_PPI_PRS,Public Private Partnerships (PPP) Benchmarking: Procurement Score,_T,Total,_T,All age ranges or no breakdown by age,_T,Total,SCORE,Score,_Z,Not Applicable,_Z,Not Applicable,_Z,Not Applicable,2023,78.45528455284553,WB_BID,Benchmarking Infrastructure Development,0,Units,NUMBER,Number (real number),602,CCYY,A,Normal value,PU,Public
datastructure,WB.DATA360:DS_DATA360(1.2),I,A,Annual,AUS,Australia,WB_BID_PPI_PRS,Public Private Partnerships (PPP) Benchmarking: Procurement Score,_T,Total,_T,All age ranges or no breakdown by age,_T,Total,SCORE,Score,_Z,Not Applicable,_Z,Not Applicable,_Z,Not Applicable,2023,71.13821138211381,WB_BID,Benchmarking Infrastructure Development,0,Units,NUMBER,Number (real number),602,CCYY,A,Normal value,PU,Public
datastructure,WB.DATA360:DS_DATA360(1.2),I,A,Annual,AUT,Austria,WB_BID_PPI_PRS,Public Private Partnerships (PPP) Benchmarking: Procurement Score,_T,Total,_T,All age ranges or no breakdown by age,_T,Total,SCORE,Score,_Z,Not Applicable,_Z,Not Applicable,_Z,Not Applicable,2023,78.04878048780488,WB_BID,Benchmarking Infrastructure Development,0,Units,NUMBER,Number (real number),602,CCYY,A,Normal value,PU,Public
datastructure,WB.DATA360:DS_DATA360(1.2),I,A,Annual,AZE,Azerbaijan,WB_BID_PPI_PRS,Public Private Partnerships (PPP) Benchmarking: Procurement Score,_T,Total,_T,All age ranges or no breakdown by age,_T,Total,SCORE,Score,_Z,Not Applicable,_Z,Not Applicable,_Z,Not Applicable,2023,43.08943089430894,WB_BID,Benchmarking Infrastructure Development,0,Units,NUMBER,Number (real number),602,CCYY,A,Normal value,PU,Public
datastructure,WB.DATA360:DS_DATA360(1.2),I,A,Annual,BGD,Bangladesh,WB_BID_PPI_PRS,Public Private Partnerships (PPP) Benchmarking: Procurement Score,_T,Total,_T,All age ranges or no breakdown by age,_T,Total,SCORE,Score,_Z,Not Applicable,_Z,Not Applicable,_Z,Not Applicable,2023,62.19512195121951,WB_BID,Benchmarking Infrastructure Development,0,Units,NUMBER,Number (real number),602,CCYY,A,Normal value,PU,Public
datastructure,WB.DATA360:DS_DATA360(1.2),I,A,Annual,BLR,Belarus,WB_BID_PPI_PRS,Public Private Partnerships (PPP) Benchmarking: Procurement Score,_T,Total,_T,All age ranges or no breakdown by age,_T,Total,SCORE,Score,_Z,Not Applicable,_Z,Not Applicable,_Z,Not Applicable,2023,51.6260162601626,WB_BID,Benchmarking Infrastructure Development,0,Units,NUMBER,Number (real number),602,CCYY,A,Normal value,PU,Public
datastructure,WB.DATA360:DS_DATA360(1.2),I,A,Annual,BEL,Belgium,WB_BID_PPI_PRS,Public Private Partnerships (PPP) Benchmarking: Procurement Score,_T,Total,_T,All age ranges or no breakdown by age,_T,Total,SCORE,Score,_Z,Not Applicable,_Z,Not Applicable,_Z,Not Applicable,2023,64.63414634146342,WB_BID,Benchmarking Infrastructure Development,0,Units,NUMBER,Number (real number),602,CCYY,A,Normal value,PU,Public
datastructure,WB.DATA360:DS_DATA360(1.2),I,A,Annual,BEN,Benin,WB_BID_PPI_PRS,Public Private Partnerships (PPP) Benchmarking: Procurement Score,_T,Total,_T,All age ranges or no breakdown by age,_T,Total,SCORE,Score,_Z,Not Applicable,_Z,Not Applicable,_Z,Not Applicable,2023,67.47967479674796,WB_BID,Benchmarking Infrastructure Development,0,Units,NUMBER,Number (real number),602,CCYY,A,Normal value,PU,Public
datastructure,WB.DATA360:DS_DATA360(1.2),I,A,Annual,BIH,Bosnia and Herzegovina,WB_BID_PPI_PRS,Public Private Partnerships (PPP) Benchmarking: Procurement Score,_T,Total,_T,All age ranges or no breakdown by age,_T,Total,SCORE,Score,_Z,Not Applicable,_Z,Not Applicable,_Z,Not Applicable,2023,79.26829268292683,WB_BID,Benchmarking Infrastructure Development,0,Units,NUMBER,Number (real number),602,CCYY,A,Normal value,PU,Public
datastructure,WB.DATA360:DS_DATA360(1.2),I,A,Annual,BWA,Botswana,WB_BID_PPI_PRS,Public Private Partnerships (PPP) Benchmarking: Procurement Score,_T,Total,_T,All age ranges or no breakdown by age,_T,Total,SCORE,Score,_Z,Not Applicable,_Z,Not Applicable,_Z,Not Applicable,2023,64.63414634146342,WB_BID,Benchmarking Infrastructure Development,0,Units,NUMBER,Number (real number),602,CCYY,A,Normal value,PU,Public
datastructure,WB.DATA360:DS_DATA360(1.2),I,A,Annual,BRA,Brazil,WB_BID_PPI_PRS,Public Private Partnerships (PPP) Benchmarking: Procurement Score,_T,Total,_T,All age ranges or no breakdown by age,_T,Total,SCORE,Score,_Z,Not Applicable,_Z,Not Applicable,_Z,Not Applicable,2023,68.29268292682927,WB_BID,Benchmarking Infrastructure Development,0,Units,NUMBER,Number (real number),602,CCYY,A,Normal value,PU,Public
datastructure,WB.DATA360:DS_DATA360(1.2),I,A,Annual,BGR,Bulgaria,WB_BID_PPI_PRS,Public Private Partnerships (PPP) Benchmarking: Procurement Score,_T,Total,_T,All age ranges or no breakdown by age,_T,Total,SCORE,Score,_Z,Not Applicable,_Z,Not Applicable,_Z,Not Applicable,2023,89.02439024390245,WB_BID,Benchmarking Infrastructure Development,0,Units,NUMBER,Number (real number),602,CCYY,A,Normal value,PU,Public
datastructure,WB.DATA360:DS_DATA360(1.2),I,A,Annual,BFA,Burkina Faso,WB_BID_PPI_PRS,Public Private Partnerships (PPP) Benchmarking: Procurement Score,_T,Total,_T,All age ranges or no breakdown by age,_T,Total,SCORE,Score,_Z,Not Applicable,_Z,Not Applicable,_Z,Not Applicable,2023,73.57723577235772,WB_BID,Benchmarking Infrastructure Development,0,Units,NUMBER,Number (real number),602,CCYY,A,Normal value,PU,Public
datastructure,WB.DATA360:DS_DATA360(1.2),I,A,Annual,BDI,Burundi,WB_BID_PPI_PRS,Public Private Partnerships (PPP) Benchmarking: Procurement Score,_T,Total,_T,All age ranges or no breakdown by age,_T,Total,SCORE,Score,_Z,Not Applicable,_Z,Not Applicable,_Z,Not Applicable,2023,61.382113821138205,WB_BID,Benchmarking Infrastructure Development,0,Units,NUMBER,Number (real number),602,CCYY,A,Normal value,PU,Public
datastructure,WB.DATA360:DS_DATA360(1.2),I,A,Annual,KHM,Cambodia,WB_BID_PPI_PRS,Public Private Partnerships (PPP) Benchmarking: Procurement Score,_T,Total,_T,All age ranges or no breakdown by age,_T,Total,SCORE,Score,_Z,Not Applicable,_Z,Not Applicable,_Z,Not Applicable,2023,8.130081300813007,WB_BID,Benchmarking Infrastructure Development,0,Units,NUMBER,Number (real number),602,CCYY,A,Normal value,PU,Public
datastructure,WB.DATA360:DS_DATA360(1.2),I,A,Annual,CMR,Cameroon,WB_BID_PPI_PRS,Public Private Partnerships (PPP) Benchmarking: Procurement Score,_T,Total,_T,All age ranges or no breakdown by age,_T,Total,SCORE,Score,_Z,Not Applicable,_Z,Not Applicable,_Z,Not Applicable,2023,32.11382113821138,WB_BID,Benchmarking Infrastructure Development,0,Units,NUMBER,Number (real number),602,CCYY,A,Normal value,PU,Public
datastructure,WB.DATA360:DS_DATA360(1.2),I,A,Annual,CAN,Canada,WB_BID_PPI_PRS,Public Private Partnerships (PPP) Benchmarking: Procurement Score,_T,Total,_T,All age ranges or no breakdown by age,_T,Total,SCORE,Score,_Z,Not Applicable,_Z,Not Applicable,_Z,Not Applicable,2023,65.85365853658537,WB_BID,Benchmarking Infrastructure Development,0,Units,NUMBER,Number (real number),602,CCYY,A,Normal value,PU,Public
datastructure,WB.DATA360:DS_DATA360(1.2),I,A,Annual,TCD,Chad,WB_BID_PPI_PRS,Public Private Partnerships (PPP) Benchmarking: Procurement Score,_T,Total,_T,All age ranges or no breakdown by age,_T,Total,SCORE,Score,_Z,Not Applicable,_Z,Not Applicable,_Z,Not Applicable,2023,44.30894308943089,WB_BID,Benchmarking Infrastructure Development,0,Units,NUMBER,Number (real number),602,CCYY,A,Normal value,PU,Public
datastructure,WB.DATA360:DS_DATA360(1.2),I,A,Annual,CHL,Chile,WB_BID_PPI_PRS,Public Private Partnerships (PPP) Benchmarking: Procurement Score,_T,Total,_T,All age ranges or no breakdown by age,_T,Total,SCORE,Score,_Z,Not Applicable,_Z,Not Applicable,_Z,Not Applicable,2023,69.91869918699186,WB_BID,Benchmarking Infrastructure Development,0,Units,NUMBER,Number (real number),602,CCYY,A,Normal value,PU,Public
datastructure,WB.DATA360:DS_DATA360(1.2),I,A,Annual,CHN,China,WB_BID_PPI_PRS,Public Private Partnerships (PPP) Benchmarking: Procurement Score,_T,Total,_T,All age ranges or no breakdown by age,_T,Total,SCORE,Score,_Z,Not Applicable,_Z,Not Applicable,_Z,Not Applicable,2023,80.48780487804879,WB_BID,Benchmarking Infrastructure Development,0,Units,NUMBER,Number (real number),602,CCYY,A,Normal value,PU,Public
datastructure,WB.DATA360:DS_DATA360(1.2),I,A,Annual,COL,Colombia,WB_BID_PPI_PRS,Public Private Partnerships (PPP) Benchmarking: Procurement Score,_T,Total,_T,All age ranges or no breakdown by age,_T,Total,SCORE,Score,_Z,Not Applicable,_Z,Not Applicable,_Z,Not Applicable,2023,74.79674796747967,WB_BID,Benchmarking Infrastructure Development,0,Units,NUMBER,Number (real number),602,CCYY,A,Normal value,PU,Public
datastructure,WB.DATA360:DS_DATA360(1.2),I,A,Annual,COD,"Congo, Dem. Rep.",WB_BID_PPI_PRS,Public Private Partnerships (PPP) Benchmarking: Procurement Score,_T,Total,_T,All age ranges or no breakdown by age,_T,Total,SCORE,Score,_Z,Not Applicable,_Z,Not Applicable,_Z,Not Applicable,2023,63.82113821138211,WB_BID,Benchmarking Infrastructure Development,0,Units,NUMBER,Number (real number),602,CCYY,A,Normal value,PU,Public
datastructure,WB.DATA360:DS_DATA360(1.2),I,A,Annual,COG,"Congo, Rep.",WB_BID_PPI_PRS,Public Private Partnerships (PPP) Benchmarking: Procurement Score,_T,Total,_T,All age ranges or no breakdown by age,_T,Total,SCORE,Score,_Z,Not Applicable,_Z,Not Applicable,_Z,Not Applicable,2023,65.04065040650406,WB_BID,Benchmarking Infrastructure Development,0,Units,NUMBER,Number (real number),602,CCYY,A,Normal value,PU,Public
datastructure,WB.DATA360:DS_DATA360(1.2),I,A,Annual,CRI,Costa Rica,WB_BID_PPI_PRS,Public Private Partnerships (PPP) Benchmarking: Procurement Score,_T,Total,_T,All age ranges or no breakdown by age,_T,Total,SCORE,Score,_Z,Not Applicable,_Z,Not Applicable,_Z,Not Applicable,2023,52.84552845528455,WB_BID,Benchmarking Infrastructure Development,0,Units,NUMBER,Number (real number),602,CCYY,A,Normal value,PU,Public
datastructure,WB.DATA360:DS_DATA360(1.2),I,A,Annual,CIV,Cote d'Ivoire,WB_BID_PPI_PRS,Public Private Partnerships (PPP) Benchmarking: Procurement Score,_T,Total,_T,All age ranges or no breakdown by age,_T,Total,SCORE,Score,_Z,Not Applicable,_Z,Not Applicable,_Z,Not Applicable,2023,67.07317073170732,WB_BID,Benchmarking Infrastructure Development,0,Units,NUMBER,Number (real number),602,CCYY,A,Normal value,PU,Public
datastructure,WB.DATA360:DS_DATA360(1.2),I,A,Annual,HRV,Croatia,WB_BID_PPI_PRS,Public Private Partnerships (PPP) Benchmarking: Procurement Score,_T,Total,_T,All age ranges or no breakdown by age,_T,Total,SCORE,Score,_Z,Not Applicable,_Z,Not Applicable,_Z,Not Applicable,2023,89.02439024390245,WB_BID,Benchmarking Infrastructure Development,0,Units,NUMBER,Number (real number),602,CCYY,A,Normal value,PU,Public
datastructure,WB.DATA360:DS_DATA360(1.2),I,A,Annual,CZE,Czechia,WB_BID_PPI_PRS,Public Private Partnerships (PPP) Benchmarking: Procurement Score,_T,Total,_T,All age ranges or no breakdown by age,_T,Total,SCORE,Score,_Z,Not Applicable,_Z,Not Applicable,_Z,Not Applicable,2023,85.36585365853658,WB_BID,Benchmarking Infrastructure Development,0,Units,NUMBER,Number (real number),602,CCYY,A,Normal value,PU,Public
datastructure,WB.DATA360:DS_DATA360(1.2),I,A,Annual,DNK,Denmark,WB_BID_PPI_PRS,Public Private Partnerships (PPP) Benchmarking: Procurement Score,_T,Total,_T,All age ranges or no breakdown by age,_T,Total,SCORE,Score,_Z,Not Applicable,_Z,Not Applicable,_Z,Not Applicable,2023,80.48780487804879,WB_BID,Benchmarking Infrastructure Development,0,Units,NUMBER,Number (real number),602,CCYY,A,Normal value,PU,Public
datastructure,WB.DATA360:DS_DATA360(1.2),I,A,Annual,DJI,Djibouti,WB_BID_PPI_PRS,Public Private Partnerships (PPP) Benchmarking: Procurement Score,_T,Total,_T,All age ranges or no breakdown by age,_T,Total,SCORE,Score,_Z,Not Applicable,_Z,Not Applicable,_Z,Not Applicable,2023,56.09756097560976,WB_BID,Benchmarking Infrastructure Development,0,Units,NUMBER,Number (real number),602,CCYY,A,Normal value,PU,Public
datastructure,WB.DATA360:DS_DATA360(1.2),I,A,Annual,DOM,Dominican Republic,WB_BID_PPI_PRS,Public Private Partnerships (PPP) Benchmarking: Procurement Score,_T,Total,_T,All age ranges or no breakdown by age,_T,Total,SCORE,Score,_Z,Not Applicable,_Z,Not Applicable,_Z,Not Applicable,2023,72.35772357723576,WB_BID,Benchmarking Infrastructure Development,0,Units,NUMBER,Number (real number),602,CCYY,A,Normal value,PU,Public
datastructure,WB.DATA360:DS_DATA360(1.2),I,A,Annual,ECU,Ecuador,WB_BID_PPI_PRS,Public Private Partnerships (PPP) Benchmarking: Procurement Score,_T,Total,_T,All age ranges or no breakdown by age,_T,Total,SCORE,Score,_Z,Not Applicable,_Z,Not Applicable,_Z,Not Applicable,2023,46.74796747967479,WB_BID,Benchmarking Infrastructure Development,0,Units,NUMBER,Number (real number),602,CCYY,A,Normal value,PU,Public
datastructure,WB.DATA360:DS_DATA360(1.2),I,A,Annual,EGY,"Egypt, Arab Rep.",WB_BID_PPI_PRS,Public Private Partnerships (PPP) Benchmarking: Procurement Score,_T,Total,_T,All age ranges or no breakdown by age,_T,Total,SCORE,Score,_Z,Not Applicable,_Z,Not Applicable,_Z,Not Applicable,2023,53.65853658536586,WB_BID,Benchmarking Infrastructure Development,0,Units,NUMBER,Number (real number),602,CCYY,A,Normal value,PU,Public
datastructure,WB.DATA360:DS_DATA360(1.2),I,A,Annual,SLV,El Salvador,WB_BID_PPI_PRS,Public Private Partnerships (PPP) Benchmarking: Procurement Score,_T,Total,_T,All age ranges or no breakdown by age,_T,Total,SCORE,Score,_Z,Not Applicable,_Z,Not Applicable,_Z,Not Applicable,2023,68.29268292682927,WB_BID,Benchmarking Infrastructure Development,0,Units,NUMBER,Number (real number),602,CCYY,A,Normal value,PU,Public
datastructure,WB.DATA360:DS_DATA360(1.2),I,A,Annual,ERI,Eritrea,WB_BID_PPI_PRS,Public Private Partnerships (PPP) Benchmarking: Procurement Score,_T,Total,_T,All age ranges or no breakdown by age,_T,Total,SCORE,Score,_Z,Not Applicable,_Z,Not Applicable,_Z,Not Applicable,2023,4.878048780487805,WB_BID,Benchmarking Infrastructure Development,0,Units,NUMBER,Number (real number),602,CCYY,A,Normal value,PU,Public
datastructure,WB.DATA360:DS_DATA360(1.2),I,A,Annual,EST,Estonia,WB_BID_PPI_PRS,Public Private Partnerships (PPP) Benchmarking: Procurement Score,_T,Total,_T,All age ranges or no breakdown by age,_T,Total,SCORE,Score,_Z,Not Applicable,_Z,Not Applicable,_Z,Not Applicable,2023,81.70731707317073,WB_BID,Benchmarking Infrastructure Development,0,Units,NUMBER,Number (real number),602,CCYY,A,Normal value,PU,Public
datastructure,WB.DATA360:DS_DATA360(1.2),I,A,Annual,ETH,Ethiopia,WB_BID_PPI_PRS,Public Private Partnerships (PPP) Benchmarking: Procurement Score,_T,Total,_T,All age ranges or no breakdown by age,_T,Total,SCORE,Score,_Z,Not Applicable,_Z,Not Applicable,_Z,Not Applicable,2023,60.97560975609756,WB_BID,Benchmarking Infrastructure Development,0,Units,NUMBER,Number (real number),602,CCYY,A,Normal value,PU,Public
datastructure,WB.DATA360:DS_DATA360(1.2),I,A,Annual,FIN,Finland,WB_BID_PPI_PRS,Public Private Partnerships (PPP) Benchmarking: Procurement Score,_T,Total,_T,All age ranges or no breakdown by age,_T,Total,SCORE,Score,_Z,Not Applicable,_Z,Not Applicable,_Z,Not Applicable,2023,74.39024390243902,WB_BID,Benchmarking Infrastructure Development,0,Units,NUMBER,Number (real number),602,CCYY,A,Normal value,PU,Public
datastructure,WB.DATA360:DS_DATA360(1.2),I,A,Annual,FRA,France,WB_BID_PPI_PRS,Public Private Partnerships (PPP) Benchmarking: Procurement Score,_T,Total,_T,All age ranges or no breakdown by age,_T,Total,SCORE,Score,_Z,Not Applicable,_Z,Not Applicable,_Z,Not Applicable,2023,86.58536585365853,WB_BID,Benchmarking Infrastructure Development,0,Units,NUMBER,Number (real number),602,CCYY,A,Normal value,PU,Public
datastructure,WB.DATA360:DS_DATA360(1.2),I,A,Annual,GAB,Gabon,WB_BID_PPI_PRS,Public Private Partnerships (PPP) Benchmarking: Procurement Score,_T,Total,_T,All age ranges or no breakdown by age,_T,Total,SCORE,Score,_Z,Not Applicable,_Z,Not Applicable,_Z,Not Applicable,2023,35.77235772357724,WB_BID,Benchmarking Infrastructure Development,0,Units,NUMBER,Number (real number),602,CCYY,A,Normal value,PU,Public
datastructure,WB.DATA360:DS_DATA360(1.2),I,A,Annual,GEO,Georgia,WB_BID_PPI_PRS,Public Private Partnerships (PPP) Benchmarking: Procurement Score,_T,Total,_T,All age ranges or no breakdown by age,_T,Total,SCORE,Score,_Z,Not Applicable,_Z,Not Applicable,_Z,Not Applicable,2023,73.57723577235772,WB_BID,Benchmarking Infrastructure Development,0,Units,NUMBER,Number (real number),602,CCYY,A,Normal value,PU,Public
datastructure,WB.DATA360:DS_DATA360(1.2),I,A,Annual,DEU,Germany,WB_BID_PPI_PRS,Public Private Partnerships (PPP) Benchmarking: Procurement Score,_T,Total,_T,All age ranges or no breakdown by age,_T,Total,SCORE,Score,_Z,Not Applicable,_Z,Not Applicable,_Z,Not Applicable,2023,76.82926829268293,WB_BID,Benchmarking Infrastructure Development,0,Units,NUMBER,Number (real number),602,CCYY,A,Normal value,PU,Public
datastructure,WB.DATA360:DS_DATA360(1.2),I,A,Annual,GHA,Ghana,WB_BID_PPI_PRS,Public Private Partnerships (PPP) Benchmarking: Procurement Score,_T,Total,_T,All age ranges or no breakdown by age,_T,Total,SCORE,Score,_Z,Not Applicable,_Z,Not Applicable,_Z,Not Applicable,2023,63.41463414634146,WB_BID,Benchmarking Infrastructure Development,0,Units,NUMBER,Number (real number),602,CCYY,A,Normal value,PU,Public
datastructure,WB.DATA360:DS_DATA360(1.2),I,A,Annual,GRC,Greece,WB_BID_PPI_PRS,Public Private Partnerships (PPP) Benchmarking: Procurement Score,_T,Total,_T,All age ranges or no breakdown by age,_T,Total,SCORE,Score,_Z,Not Applicable,_Z,Not Applicable,_Z,Not Applicable,2023,91.46341463414636,WB_BID,Benchmarking Infrastructure Development,0,Units,NUMBER,Number (real number),602,CCYY,A,Normal value,PU,Public
datastructure,WB.DATA360:DS_DATA360(1.2),I,A,Annual,GTM,Guatemala,WB_BID_PPI_PRS,Public Private Partnerships (PPP) Benchmarking: Procurement Score,_T,Total,_T,All age ranges or no breakdown by age,_T,Total,SCORE,Score,_Z,Not Applicable,_Z,Not Applicable,_Z,Not Applicable,2023,61.382113821138205,WB_BID,Benchmarking Infrastructure Development,0,Units,NUMBER,Number (real number),602,CCYY,A,Normal value,PU,Public
datastructure,WB.DATA360:DS_DATA360(1.2),I,A,Annual,GIN,Guinea,WB_BID_PPI_PRS,Public Private Partnerships (PPP) Benchmarking: Procurement Score,_T,Total,_T,All age ranges or no breakdown by age,_T,Total,SCORE,Score,_Z,Not Applicable,_Z,Not Applicable,_Z,Not Applicable,2023,46.74796747967479,WB_BID,Benchmarking Infrastructure Development,0,Units,NUMBER,Number (real number),602,CCYY,A,Normal value,PU,Public
datastructure,WB.DATA360:DS_DATA360(1.2),I,A,Annual,HTI,Haiti,WB_BID_PPI_PRS,Public Private Partnerships (PPP) Benchmarking: Procurement Score,_T,Total,_T,All age ranges or no breakdown by age,_T,Total,SCORE,Score,_Z,Not Applicable,_Z,Not Applicable,_Z,Not Applicable,2023,63.82113821138211,WB_BID,Benchmarking Infrastructure Development,0,Units,NUMBER,Number (real number),602,CCYY,A,Normal value,PU,Public
datastructure,WB.DATA360:DS_DATA360(1.2),I,A,Annual,HND,Honduras,WB_BID_PPI_PRS,Public Private Partnerships (PPP) Benchmarking: Procurement Score,_T,Total,_T,All age ranges or no breakdown by age,_T,Total,SCORE,Score,_Z,Not Applicable,_Z,Not Applicable,_Z,Not Applicable,2023,44.71544715447154,WB_BID,Benchmarking Infrastructure Development,0,Units,NUMBER,Number (real number),602,CCYY,A,Normal value,PU,Public
datastructure,WB.DATA360:DS_DATA360(1.2),I,A,Annual,HUN,Hungary,WB_BID_PPI_PRS,Public Private Partnerships (PPP) Benchmarking: Procurement Score,_T,Total,_T,All age ranges or no breakdown by age,_T,Total,SCORE,Score,_Z,Not Applicable,_Z,Not Applicable,_Z,Not Applicable,2023,91.46341463414636,WB_BID,Benchmarking Infrastructure Development,0,Units,NUMBER,Number (real number),602,CCYY,A,Normal value,PU,Public
datastructure,WB.DATA360:DS_DATA360(1.2),I,A,Annual,IND,India,WB_BID_PPI_PRS,Public Private Partnerships (PPP) Benchmarking: Procurement Score,_T,Total,_T,All age ranges or no breakdown by age,_T,Total,SCORE,Score,_Z,Not Applicable,_Z,Not Applicable,_Z,Not Applicable,2023,67.07317073170732,WB_BID,Benchmarking Infrastructure Development,0,Units,NUMBER,Number (real number),602,CCYY,A,Normal value,PU,Public
datastructure,WB.DATA360:DS_DATA360(1.2),I,A,Annual,IDN,Indonesia,WB_BID_PPI_PRS,Public Private Partnerships (PPP) Benchmarking: Procurement Score,_T,Total,_T,All age ranges or no breakdown by age,_T,Total,SCORE,Score,_Z,Not Applicable,_Z,Not Applicable,_Z,Not Applicable,2023,67.47967479674796,WB_BID,Benchmarking Infrastructure Development,0,Units,NUMBER,Number (real number),602,CCYY,A,Normal value,PU,Public
datastructure,WB.DATA360:DS_DATA360(1.2),I,A,Annual,IRN,"Iran, Islamic Rep.",WB_BID_PPI_PRS,Public Private Partnerships (PPP) Benchmarking: Procurement Score,_T,Total,_T,All age ranges or no breakdown by age,_T,Total,SCORE,Score,_Z,Not Applicable,_Z,Not Applicable,_Z,Not Applicable,2023,49.18699186991869,WB_BID,Benchmarking Infrastructure Development,0,Units,NUMBER,Number (real number),602,CCYY,A,Normal value,PU,Public
datastructure,WB.DATA360:DS_DATA360(1.2),I,A,Annual,IRQ,Iraq,WB_BID_PPI_PRS,Public Private Partnerships (PPP) Benchmarking: Procurement Score,_T,Total,_T,All age ranges or no breakdown by age,_T,Total,SCORE,Score,_Z,Not Applicable,_Z,Not Applicable,_Z,Not Applicable,2023,43.90243902439025,WB_BID,Benchmarking Infrastructure Development,0,Units,NUMBER,Number (real number),602,CCYY,A,Normal value,PU,Public
datastructure,WB.DATA360:DS_DATA360(1.2),I,A,Annual,IRL,Ireland,WB_BID_PPI_PRS,Public Private Partnerships (PPP) Benchmarking: Procurement Score,_T,Total,_T,All age ranges or no breakdown by age,_T,Total,SCORE,Score,_Z,Not Applicable,_Z,Not Applicable,_Z,Not Applicable,2023,69.51219512195121,WB_BID,Benchmarking Infrastructure Development,0,Units,NUMBER,Number (real number),602,CCYY,A,Normal value,PU,Public
datastructure,WB.DATA360:DS_DATA360(1.2),I,A,Annual,ISR,Israel,WB_BID_PPI_PRS,Public Private Partnerships (PPP) Benchmarking: Procurement Score,_T,Total,_T,All age ranges or no breakdown by age,_T,Total,SCORE,Score,_Z,Not Applicable,_Z,Not Applicable,_Z,Not Applicable,2023,65.85365853658537,WB_BID,Benchmarking Infrastructure Development,0,Units,NUMBER,Number (real number),602,CCYY,A,Normal value,PU,Public
datastructure,WB.DATA360:DS_DATA360(1.2),I,A,Annual,ITA,Italy,WB_BID_PPI_PRS,Public Private Partnerships (PPP) Benchmarking: Procurement Score,_T,Total,_T,All age ranges or no breakdown by age,_T,Total,SCORE,Score,_Z,Not Applicable,_Z,Not Applicable,_Z,Not Applicable,2023,86.58536585365853,WB_BID,Benchmarking Infrastructure Development,0,Units,NUMBER,Number (real number),602,CCYY,A,Normal value,PU,Public
datastructure,WB.DATA360:DS_DATA360(1.2),I,A,Annual,JAM,Jamaica,WB_BID_PPI_PRS,Public Private Partnerships (PPP) Benchmarking: Procurement Score,_T,Total,_T,All age ranges or no breakdown by age,_T,Total,SCORE,Score,_Z,Not Applicable,_Z,Not Applicable,_Z,Not Applicable,2023,72.35772357723576,WB_BID,Benchmarking Infrastructure Development,0,Units,NUMBER,Number (real number),602,CCYY,A,Normal value,PU,Public
datastructure,WB.DATA360:DS_DATA360(1.2),I,A,Annual,JPN,Japan,WB_BID_PPI_PRS,Public Private Partnerships (PPP) Benchmarking: Procurement Score,_T,Total,_T,All age ranges or no breakdown by age,_T,Total,SCORE,Score,_Z,Not Applicable,_Z,Not Applicable,_Z,Not Applicable,2023,58.53658536585365,WB_BID,Benchmarking Infrastructure Development,0,Units,NUMBER,Number (real number),602,CCYY,A,Normal value,PU,Public
datastructure,WB.DATA360:DS_DATA360(1.2),I,A,Annual,JOR,Jordan,WB_BID_PPI_PRS,Public Private Partnerships (PPP) Benchmarking: Procurement Score,_T,Total,_T,All age ranges or no breakdown by age,_T,Total,SCORE,Score,_Z,Not Applicable,_Z,Not Applicable,_Z,Not Applicable,2023,52.03252032520325,WB_BID,Benchmarking Infrastructure Development,0,Units,NUMBER,Number (real number),602,CCYY,A,Normal value,PU,Public
datastructure,WB.DATA360:DS_DATA360(1.2),I,A,Annual,KAZ,Kazakhstan,WB_BID_PPI_PRS,Public Private Partnerships (PPP) Benchmarking: Procurement Score,_T,Total,_T,All age ranges or no breakdown by age,_T,Total,SCORE,Score,_Z,Not Applicable,_Z,Not Applicable,_Z,Not Applicable,2023,62.60162601626016,WB_BID,Benchmarking Infrastructure Development,0,Units,NUMBER,Number (real number),602,CCYY,A,Normal value,PU,Public
datastructure,WB.DATA360:DS_DATA360(1.2),I,A,Annual,KEN,Kenya,WB_BID_PPI_PRS,Public Private Partnerships (PPP) Benchmarking: Procurement Score,_T,Total,_T,All age ranges or no breakdown by age,_T,Total,SCORE,Score,_Z,Not Applicable,_Z,Not Applicable,_Z,Not Applicable,2023,60.162601626016254,WB_BID,Benchmarking Infrastructure Development,0,Units,NUMBER,Number (real number),602,CCYY,A,Normal value,PU,Public
datastructure,WB.DATA360:DS_DATA360(1.2),I,A,Annual,KOR,"Korea, Rep.",WB_BID_PPI_PRS,Public Private Partnerships (PPP) Benchmarking: Procurement Score,_T,Total,_T,All age ranges or no breakdown by age,_T,Total,SCORE,Score,_Z,Not Applicable,_Z,Not Applicable,_Z,Not Applicable,2023,58.53658536585365,WB_BID,Benchmarking Infrastructure Development,0,Units,NUMBER,Number (real number),602,CCYY,A,Normal value,PU,Public
datastructure,WB.DATA360:DS_DATA360(1.2),I,A,Annual,XKX,Kosovo,WB_BID_PPI_PRS,Public Private Partnerships (PPP) Benchmarking: Procurement Score,_T,Total,_T,All age ranges or no breakdown by age,_T,Total,SCORE,Score,_Z,Not Applicable,_Z,Not Applicable,_Z,Not Applicable,2023,71.95121951219512,WB_BID,Benchmarking Infrastructure Development,0,Units,NUMBER,Number (real number),602,CCYY,A,Normal value,PU,Public
datastructure,WB.DATA360:DS_DATA360(1.2),I,A,Annual,KWT,Kuwait,WB_BID_PPI_PRS,Public Private Partnerships (PPP) Benchmarking: Procurement Score,_T,Total,_T,All age ranges or no breakdown by age,_T,Total,SCORE,Score,_Z,Not Applicable,_Z,Not Applicable,_Z,Not Applicable,2023,56.5040650406504,WB_BID,Benchmarking Infrastructure Development,0,Units,NUMBER,Number (real number),602,CCYY,A,Normal value,PU,Public
datastructure,WB.DATA360:DS_DATA360(1.2),I,A,Annual,KGZ,Kyrgyz Republic,WB_BID_PPI_PRS,Public Private Partnerships (PPP) Benchmarking: Procurement Score,_T,Total,_T,All age ranges or no breakdown by age,_T,Total,SCORE,Score,_Z,Not Applicable,_Z,Not Applicable,_Z,Not Applicable,2023,50.81300813008129,WB_BID,Benchmarking Infrastructure Development,0,Units,NUMBER,Number (real number),602,CCYY,A,Normal value,PU,Public
datastructure,WB.DATA360:DS_DATA360(1.2),I,A,Annual,LAO,Lao PDR,WB_BID_PPI_PRS,Public Private Partnerships (PPP) Benchmarking: Procurement Score,_T,Total,_T,All age ranges or no breakdown by age,_T,Total,SCORE,Score,_Z,Not Applicable,_Z,Not Applicable,_Z,Not Applicable,2023,45.1219512195122,WB_BID,Benchmarking Infrastructure Development,0,Units,NUMBER,Number (real number),602,CCYY,A,Normal value,PU,Public
datastructure,WB.DATA360:DS_DATA360(1.2),I,A,Annual,LVA,Latvia,WB_BID_PPI_PRS,Public Private Partnerships (PPP) Benchmarking: Procurement Score,_T,Total,_T,All age ranges or no breakdown by age,_T,Total,SCORE,Score,_Z,Not Applicable,_Z,Not Applicable,_Z,Not Applicable,2023,85.36585365853658,WB_BID,Benchmarking Infrastructure Development,0,Units,NUMBER,Number (real number),602,CCYY,A,Normal value,PU,Public
datastructure,WB.DATA360:DS_DATA360(1.2),I,A,Annual,LBN,Lebanon,WB_BID_PPI_PRS,Public Private Partnerships (PPP) Benchmarking: Procurement Score,_T,Total,_T,All age ranges or no breakdown by age,_T,Total,SCORE,Score,_Z,Not Applicable,_Z,Not Applicable,_Z,Not Applicable,2023,67.88617886178862,WB_BID,Benchmarking Infrastructure Development,0,Units,NUMBER,Number (real number),602,CCYY,A,Normal value,PU,Public
datastructure,WB.DATA360:DS_DATA360(1.2),I,A,Annual,LTU,Lithuania,WB_BID_PPI_PRS,Public Private Partnerships (PPP) Benchmarking: Procurement Score,_T,Total,_T,All age ranges or no breakdown by age,_T,Total,SCORE,Score,_Z,Not Applicable,_Z,Not Applicable,_Z,Not Applicable,2023,87.8048780487805,WB_BID,Benchmarking Infrastructure Development,0,Units,NUMBER,Number (real number),602,CCYY,A,Normal value,PU,Public
datastructure,WB.DATA360:DS_DATA360(1.2),I,A,Annual,MDG,Madagascar,WB_BID_PPI_PRS,Public Private Partnerships (PPP) Benchmarking: Procurement Score,_T,Total,_T,All age ranges or no breakdown by age,_T,Total,SCORE,Score,_Z,Not Applicable,_Z,Not Applicable,_Z,Not Applicable,2023,56.09756097560976,WB_BID,Benchmarking Infrastructure Development,0,Units,NUMBER,Number (real number),602,CCYY,A,Normal value,PU,Public
datastructure,WB.DATA360:DS_DATA360(1.2),I,A,Annual,MWI,Malawi,WB_BID_PPI_PRS,Public Private Partnerships (PPP) Benchmarking: Procurement Score,_T,Total,_T,All age ranges or no breakdown by age,_T,Total,SCORE,Score,_Z,Not Applicable,_Z,Not Applicable,_Z,Not Applicable,2023,54.065040650406495,WB_BID,Benchmarking Infrastructure Development,0,Units,NUMBER,Number (real number),602,CCYY,A,Normal value,PU,Public
datastructure,WB.DATA360:DS_DATA360(1.2),I,A,Annual,MYS,Malaysia,WB_BID_PPI_PRS,Public Private Partnerships (PPP) Benchmarking: Procurement Score,_T,Total,_T,All age ranges or no breakdown by age,_T,Total,SCORE,Score,_Z,Not Applicable,_Z,Not Applicable,_Z,Not Applicable,2023,22.76422764227642,WB_BID,Benchmarking Infrastructure Development,0,Units,NUMBER,Number (real number),602,CCYY,A,Normal value,PU,Public
datastructure,WB.DATA360:DS_DATA360(1.2),I,A,Annual,MLI,Mali,WB_BID_PPI_PRS,Public Private Partnerships (PPP) Benchmarking: Procurement Score,_T,Total,_T,All age ranges or no breakdown by age,_T,Total,SCORE,Score,_Z,Not Applicable,_Z,Not Applicable,_Z,Not Applicable,2023,66.26016260162602,WB_BID,Benchmarking Infrastructure Development,0,Units,NUMBER,Number (real number),602,CCYY,A,Normal value,PU,Public
datastructure,WB.DATA360:DS_DATA360(1.2),I,A,Annual,MUS,Mauritius,WB_BID_PPI_PRS,Public Private Partnerships (PPP) Benchmarking: Procurement Score,_T,Total,_T,All age ranges or no breakdown by age,_T,Total,SCORE,Score,_Z,Not Applicable,_Z,Not Applicable,_Z,Not Applicable,2023,52.4390243902439,WB_BID,Benchmarking Infrastructure Development,0,Units,NUMBER,Number (real number),602,CCYY,A,Normal value,PU,Public
datastructure,WB.DATA360:DS_DATA360(1.2),I,A,Annual,MEX,Mexico,WB_BID_PPI_PRS,Public Private Partnerships (PPP) Benchmarking: Procurement Score,_T,Total,_T,All age ranges or no breakdown by age,_T,Total,SCORE,Score,_Z,Not Applicable,_Z,Not Applicable,_Z,Not Applicable,2023,76.01626016260163,WB_BID,Benchmarking Infrastructure Development,0,Units,NUMBER,Number (real number),602,CCYY,A,Normal value,PU,Public
datastructure,WB.DATA360:DS_DATA360(1.2),I,A,Annual,MDA,Moldova,WB_BID_PPI_PRS,Public Private Partnerships (PPP) Benchmarking: Procurement Score,_T,Total,_T,All age ranges or no breakdown by age,_T,Total,SCORE,Score,_Z,Not Applicable,_Z,Not Applicable,_Z,Not Applicable,2023,62.19512195121951,WB_BID,Benchmarking Infrastructure Development,0,Units,NUMBER,Number (real number),602,CCYY,A,Normal value,PU,Public
datastructure,WB.DATA360:DS_DATA360(1.2),I,A,Annual,MNG,Mongolia,WB_BID_PPI_PRS,Public Private Partnerships (PPP) Benchmarking: Procurement Score,_T,Total,_T,All age ranges or no breakdown by age,_T,Total,SCORE,Score,_Z,Not Applicable,_Z,Not Applicable,_Z,Not Applicable,2023,66.26016260162602,WB_BID,Benchmarking Infrastructure Development,0,Units,NUMBER,Number (real number),602,CCYY,A,Normal value,PU,Public
datastructure,WB.DATA360:DS_DATA360(1.2),I,A,Annual,MNE,Montenegro,WB_BID_PPI_PRS,Public Private Partnerships (PPP) Benchmarking: Procurement Score,_T,Total,_T,All age ranges or no breakdown by age,_T,Total,SCORE,Score,_Z,Not Applicable,_Z,Not Applicable,_Z,Not Applicable,2023,67.07317073170732,WB_BID,Benchmarking Infrastructure Development,0,Units,NUMBER,Number (real number),602,CCYY,A,Normal value,PU,Public
datastructure,WB.DATA360:DS_DATA360(1.2),I,A,Annual,MAR,Morocco,WB_BID_PPI_PRS,Public Private Partnerships (PPP) Benchmarking: Procurement Score,_T,Total,_T,All age ranges or no breakdown by age,_T,Total,SCORE,Score,_Z,Not Applicable,_Z,Not Applicable,_Z,Not Applicable,2023,59.7560975609756,WB_BID,Benchmarking Infrastructure Development,0,Units,NUMBER,Number (real number),602,CCYY,A,Normal value,PU,Public
datastructure,WB.DATA360:DS_DATA360(1.2),I,A,Annual,MOZ,Mozambique,WB_BID_PPI_PRS,Public Private Partnerships (PPP) Benchmarking: Procurement Score,_T,Total,_T,All age ranges or no breakdown by age,_T,Total,SCORE,Score,_Z,Not Applicable,_Z,Not Applicable,_Z,Not Applicable,2023,57.3170731707317,WB_BID,Benchmarking Infrastructure Development,0,Units,NUMBER,Number (real number),602,CCYY,A,Normal value,PU,Public
datastructure,WB.DATA360:DS_DATA360(1.2),I,A,Annual,NPL,Nepal,WB_BID_PPI_PRS,Public Private Partnerships (PPP) Benchmarking: Procurement Score,_T,Total,_T,All age ranges or no breakdown by age,_T,Total,SCORE,Score,_Z,Not Applicable,_Z,Not Applicable,_Z,Not Applicable,2023,51.6260162601626,WB_BID,Benchmarking Infrastructure Development,0,Units,NUMBER,Number (real number),602,CCYY,A,Normal value,PU,Public
datastructure,WB.DATA360:DS_DATA360(1.2),I,A,Annual,NLD,Netherlands,WB_BID_PPI_PRS,Public Private Partnerships (PPP) Benchmarking: Procurement Score,_T,Total,_T,All age ranges or no breakdown by age,_T,Total,SCORE,Score,_Z,Not Applicable,_Z,Not Applicable,_Z,Not Applicable,2023,76.82926829268293,WB_BID,Benchmarking Infrastructure Development,0,Units,NUMBER,Number (real number),602,CCYY,A,Normal value,PU,Public
datastructure,WB.DATA360:DS_DATA360(1.2),I,A,Annual,NZL,New Zealand,WB_BID_PPI_PRS,Public Private Partnerships (PPP) Benchmarking: Procurement Score,_T,Total,_T,All age ranges or no breakdown by age,_T,Total,SCORE,Score,_Z,Not Applicable,_Z,Not Applicable,_Z,Not Applicable,2023,74.79674796747967,WB_BID,Benchmarking Infrastructure Development,0,Units,NUMBER,Number (real number),602,CCYY,A,Normal value,PU,Public
datastructure,WB.DATA360:DS_DATA360(1.2),I,A,Annual,NIC,Nicaragua,WB_BID_PPI_PRS,Public Private Partnerships (PPP) Benchmarking: Procurement Score,_T,Total,_T,All age ranges or no breakdown by age,_T,Total,SCORE,Score,_Z,Not Applicable,_Z,Not Applicable,_Z,Not Applicable,2023,65.04065040650406,WB_BID,Benchmarking Infrastructure Development,0,Units,NUMBER,Number (real number),602,CCYY,A,Normal value,PU,Public
datastructure,WB.DATA360:DS_DATA360(1.2),I,A,Annual,NER,Niger,WB_BID_PPI_PRS,Public Private Partnerships (PPP) Benchmarking: Procurement Score,_T,Total,_T,All age ranges or no breakdown by age,_T,Total,SCORE,Score,_Z,Not Applicable,_Z,Not Applicable,_Z,Not Applicable,2023,43.49593495934959,WB_BID,Benchmarking Infrastructure Development,0,Units,NUMBER,Number (real number),602,CCYY,A,Normal value,PU,Public
datastructure,WB.DATA360:DS_DATA360(1.2),I,A,Annual,NGA,Nigeria,WB_BID_PPI_PRS,Public Private Partnerships (PPP) Benchmarking: Procurement Score,_T,Total,_T,All age ranges or no breakdown by age,_T,Total,SCORE,Score,_Z,Not Applicable,_Z,Not Applicable,_Z,Not Applicable,2023,72.35772357723576,WB_BID,Benchmarking Infrastructure Development,0,Units,NUMBER,Number (real number),602,CCYY,A,Normal value,PU,Public
datastructure,WB.DATA360:DS_DATA360(1.2),I,A,Annual,MKD,North Macedonia,WB_BID_PPI_PRS,Public Private Partnerships (PPP) Benchmarking: Procurement Score,_T,Total,_T,All age ranges or no breakdown by age,_T,Total,SCORE,Score,_Z,Not Applicable,_Z,Not Applicable,_Z,Not Applicable,2023,76.82926829268293,WB_BID,Benchmarking Infrastructure Development,0,Units,NUMBER,Number (real number),602,CCYY,A,Normal value,PU,Public
datastructure,WB.DATA360:DS_DATA360(1.2),I,A,Annual,PAK,Pakistan,WB_BID_PPI_PRS,Public Private Partnerships (PPP) Benchmarking: Procurement Score,_T,Total,_T,All age ranges or no breakdown by age,_T,Total,SCORE,Score,_Z,Not Applicable,_Z,Not Applicable,_Z,Not Applicable,2023,71.95121951219512,WB_BID,Benchmarking Infrastructure Development,0,Units,NUMBER,Number (real number),602,CCYY,A,Normal value,PU,Public
datastructure,WB.DATA360:DS_DATA360(1.2),I,A,Annual,PAN,Panama,WB_BID_PPI_PRS,Public Private Partnerships (PPP) Benchmarking: Procurement Score,_T,Total,_T,All age ranges or no breakdown by age,_T,Total,SCORE,Score,_Z,Not Applicable,_Z,Not Applicable,_Z,Not Applicable,2023,68.29268292682927,WB_BID,Benchmarking Infrastructure Development,0,Units,NUMBER,Number (real number),602,CCYY,A,Normal value,PU,Public
datastructure,WB.DATA360:DS_DATA360(1.2),I,A,Annual,PNG,Papua New Guinea,WB_BID_PPI_PRS,Public Private Partnerships (PPP) Benchmarking: Procurement Score,_T,Total,_T,All age ranges or no breakdown by age,_T,Total,SCORE,Score,_Z,Not Applicable,_Z,Not Applicable,_Z,Not Applicable,2023,30.894308943089428,WB_BID,Benchmarking Infrastructure Development,0,Units,NUMBER,Number (real number),602,CCYY,A,Normal value,PU,Public
datastructure,WB.DATA360:DS_DATA360(1.2),I,A,Annual,PRY,Paraguay,WB_BID_PPI_PRS,Public Private Partnerships (PPP) Benchmarking: Procurement Score,_T,Total,_T,All age ranges or no breakdown by age,_T,Total,SCORE,Score,_Z,Not Applicable,_Z,Not Applicable,_Z,Not Applicable,2023,72.35772357723576,WB_BID,Benchmarking Infrastructure Development,0,Units,NUMBER,Number (real number),602,CCYY,A,Normal value,PU,Public
datastructure,WB.DATA360:DS_DATA360(1.2),I,A,Annual,PER,Peru,WB_BID_PPI_PRS,Public Private Partnerships (PPP) Benchmarking: Procurement Score,_T,Total,_T,All age ranges or no breakdown by age,_T,Total,SCORE,Score,_Z,Not Applicable,_Z,Not Applicable,_Z,Not Applicable,2023,47.5609756097561,WB_BID,Benchmarking Infrastructure Development,0,Units,NUMBER,Number (real number),602,CCYY,A,Normal value,PU,Public
datastructure,WB.DATA360:DS_DATA360(1.2),I,A,Annual,PHL,Philippines,WB_BID_PPI_PRS,Public Private Partnerships (PPP) Benchmarking: Procurement Score,_T,Total,_T,All age ranges or no breakdown by age,_T,Total,SCORE,Score,_Z,Not Applicable,_Z,Not Applicable,_Z,Not Applicable,2023,57.72357723577235,WB_BID,Benchmarking Infrastructure Development,0,Units,NUMBER,Number (real number),602,CCYY,A,Normal value,PU,Public
datastructure,WB.DATA360:DS_DATA360(1.2),I,A,Annual,POL,Poland,WB_BID_PPI_PRS,Public Private Partnerships (PPP) Benchmarking: Procurement Score,_T,Total,_T,All age ranges or no breakdown by age,_T,Total,SCORE,Score,_Z,Not Applicable,_Z,Not Applicable,_Z,Not Applicable,2023,85.36585365853658,WB_BID,Benchmarking Infrastructure Development,0,Units,NUMBER,Number (real number),602,CCYY,A,Normal value,PU,Public
datastructure,WB.DATA360:DS_DATA360(1.2),I,A,Annual,PRT,Portugal,WB_BID_PPI_PRS,Public Private Partnerships (PPP) Benchmarking: Procurement Score,_T,Total,_T,All age ranges or no breakdown by age,_T,Total,SCORE,Score,_Z,Not Applicable,_Z,Not Applicable,_Z,Not Applicable,2023,84.14634146341463,WB_BID,Benchmarking Infrastructure Development,0,Units,NUMBER,Number (real number),602,CCYY,A,Normal value,PU,Public
datastructure,WB.DATA360:DS_DATA360(1.2),I,A,Annual,QAT,Qatar,WB_BID_PPI_PRS,Public Private Partnerships (PPP) Benchmarking: Procurement Score,_T,Total,_T,All age ranges or no breakdown by age,_T,Total,SCORE,Score,_Z,Not Applicable,_Z,Not Applicable,_Z,Not Applicable,2023,48.78048780487805,WB_BID,Benchmarking Infrastructure Development,0,Units,NUMBER,Number (real number),602,CCYY,A,Normal value,PU,Public
datastructure,WB.DATA360:DS_DATA360(1.2),I,A,Annual,ROU,Romania,WB_BID_PPI_PRS,Public Private Partnerships (PPP) Benchmarking: Procurement Score,_T,Total,_T,All age ranges or no breakdown by age,_T,Total,SCORE,Score,_Z,Not Applicable,_Z,Not Applicable,_Z,Not Applicable,2023,78.04878048780488,WB_BID,Benchmarking Infrastructure Development,0,Units,NUMBER,Number (real number),602,CCYY,A,Normal value,PU,Public
datastructure,WB.DATA360:DS_DATA360(1.2),I,A,Annual,RWA,Rwanda,WB_BID_PPI_PRS,Public Private Partnerships (PPP) Benchmarking: Procurement Score,_T,Total,_T,All age ranges or no breakdown by age,_T,Total,SCORE,Score,_Z,Not Applicable,_Z,Not Applicable,_Z,Not Applicable,2023,52.84552845528455,WB_BID,Benchmarking Infrastructure Development,0,Units,NUMBER,Number (real number),602,CCYY,A,Normal value,PU,Public
datastructure,WB.DATA360:DS_DATA360(1.2),I,A,Annual,WSM,Samoa,WB_BID_PPI_PRS,Public Private Partnerships (PPP) Benchmarking: Procurement Score,_T,Total,_T,All age ranges or no breakdown by age,_T,Total,SCORE,Score,_Z,Not Applicable,_Z,Not Applicable,_Z,Not Applicable,2023,68.69918699186991,WB_BID,Benchmarking Infrastructure Development,0,Units,NUMBER,Number (real number),602,CCYY,A,Normal value,PU,Public
datastructure,WB.DATA360:DS_DATA360(1.2),I,A,Annual,SAU,Saudi Arabia,WB_BID_PPI_PRS,Public Private Partnerships (PPP) Benchmarking: Procurement Score,_T,Total,_T,All age ranges or no breakdown by age,_T,Total,SCORE,Score,_Z,Not Applicable,_Z,Not Applicable,_Z,Not Applicable,2023,91.46341463414636,WB_BID,Benchmarking Infrastructure Development,0,Units,NUMBER,Number (real number),602,CCYY,A,Normal value,PU,Public
datastructure,WB.DATA360:DS_DATA360(1.2),I,A,Annual,SEN,Senegal,WB_BID_PPI_PRS,Public Private Partnerships (PPP) Benchmarking: Procurement Score,_T,Total,_T,All age ranges or no breakdown by age,_T,Total,SCORE,Score,_Z,Not Applicable,_Z,Not Applicable,_Z,Not Applicable,2023,48.78048780487805,WB_BID,Benchmarking Infrastructure Development,0,Units,NUMBER,Number (real number),602,CCYY,A,Normal value,PU,Public
datastructure,WB.DATA360:DS_DATA360(1.2),I,A,Annual,SRB,Serbia,WB_BID_PPI_PRS,Public Private Partnerships (PPP) Benchmarking: Procurement Score,_T,Total,_T,All age ranges or no breakdown by age,_T,Total,SCORE,Score,_Z,Not Applicable,_Z,Not Applicable,_Z,Not Applicable,2023,90.2439024390244,WB_BID,Benchmarking Infrastructure Development,0,Units,NUMBER,Number (real number),602,CCYY,A,Normal value,PU,Public
datastructure,WB.DATA360:DS_DATA360(1.2),I,A,Annual,SLE,Sierra Leone,WB_BID_PPI_PRS,Public Private Partnerships (PPP) Benchmarking: Procurement Score,_T,Total,_T,All age ranges or no breakdown by age,_T,Total,SCORE,Score,_Z,Not Applicable,_Z,Not Applicable,_Z,Not Applicable,2023,59.7560975609756,WB_BID,Benchmarking Infrastructure Development,0,Units,NUMBER,Number (real number),602,CCYY,A,Normal value,PU,Public
datastructure,WB.DATA360:DS_DATA360(1.2),I,A,Annual,SGP,Singapore,WB_BID_PPI_PRS,Public Private Partnerships (PPP) Benchmarking: Procurement Score,_T,Total,_T,All age ranges or no breakdown by age,_T,Total,SCORE,Score,_Z,Not Applicable,_Z,Not Applicable,_Z,Not Applicable,2023,64.22764227642276,WB_BID,Benchmarking Infrastructure Development,0,Units,NUMBER,Number (real number),602,CCYY,A,Normal value,PU,Public
datastructure,WB.DATA360:DS_DATA360(1.2),I,A,Annual,SVK,Slovak Republic,WB_BID_PPI_PRS,Public Private Partnerships (PPP) Benchmarking: Procurement Score,_T,Total,_T,All age ranges or no breakdown by age,_T,Total,SCORE,Score,_Z,Not Applicable,_Z,Not Applicable,_Z,Not Applicable,2023,95.1219512195122,WB_BID,Benchmarking Infrastructure Development,0,Units,NUMBER,Number (real number),602,CCYY,A,Normal value,PU,Public
datastructure,WB.DATA360:DS_DATA360(1.2),I,A,Annual,SVN,Slovenia,WB_BID_PPI_PRS,Public Private Partnerships (PPP) Benchmarking: Procurement Score,_T,Total,_T,All age ranges or no breakdown by age,_T,Total,SCORE,Score,_Z,Not Applicable,_Z,Not Applicable,_Z,Not Applicable,2023,87.8048780487805,WB_BID,Benchmarking Infrastructure Development,0,Units,NUMBER,Number (real number),602,CCYY,A,Normal value,PU,Public
datastructure,WB.DATA360:DS_DATA360(1.2),I,A,Annual,SLB,Solomon Islands,WB_BID_PPI_PRS,Public Private Partnerships (PPP) Benchmarking: Procurement Score,_T,Total,_T,All age ranges or no breakdown by age,_T,Total,SCORE,Score,_Z,Not Applicable,_Z,Not Applicable,_Z,Not Applicable,2023,56.5040650406504,WB_BID,Benchmarking Infrastructure Development,0,Units,NUMBER,Number (real number),602,CCYY,A,Normal value,PU,Public
datastructure,WB.DATA360:DS_DATA360(1.2),I,A,Annual,SOM,Somalia,WB_BID_PPI_PRS,Public Private Partnerships (PPP) Benchmarking: Procurement Score,_T,Total,_T,All age ranges or no breakdown by age,_T,Total,SCORE,Score,_Z,Not Applicable,_Z,Not Applicable,_Z,Not Applicable,2023,72.35772357723576,WB_BID,Benchmarking Infrastructure Development,0,Units,NUMBER,Number (real number),602,CCYY,A,Normal value,PU,Public
datastructure,WB.DATA360:DS_DATA360(1.2),I,A,Annual,ZAF,South Africa,WB_BID_PPI_PRS,Public Private Partnerships (PPP) Benchmarking: Procurement Score,_T,Total,_T,All age ranges or no breakdown by age,_T,Total,SCORE,Score,_Z,Not Applicable,_Z,Not Applicable,_Z,Not Applicable,2023,62.19512195121951,WB_BID,Benchmarking Infrastructure Development,0,Units,NUMBER,Number (real number),602,CCYY,A,Normal value,PU,Public
datastructure,WB.DATA360:DS_DATA360(1.2),I,A,Annual,ESP,Spain,WB_BID_PPI_PRS,Public Private Partnerships (PPP) Benchmarking: Procurement Score,_T,Total,_T,All age ranges or no breakdown by age,_T,Total,SCORE,Score,_Z,Not Applicable,_Z,Not Applicable,_Z,Not Applicable,2023,89.02439024390245,WB_BID,Benchmarking Infrastructure Development,0,Units,NUMBER,Number (real number),602,CCYY,A,Normal value,PU,Public
datastructure,WB.DATA360:DS_DATA360(1.2),I,A,Annual,LKA,Sri Lanka,WB_BID_PPI_PRS,Public Private Partnerships (PPP) Benchmarking: Procurement Score,_T,Total,_T,All age ranges or no breakdown by age,_T,Total,SCORE,Score,_Z,Not Applicable,_Z,Not Applicable,_Z,Not Applicable,2023,54.47154471544715,WB_BID,Benchmarking Infrastructure Development,0,Units,NUMBER,Number (real number),602,CCYY,A,Normal value,PU,Public
datastructure,WB.DATA360:DS_DATA360(1.2),I,A,Annual,SDN,Sudan,WB_BID_PPI_PRS,Public Private Partnerships (PPP) Benchmarking: Procurement Score,_T,Total,_T,All age ranges or no breakdown by age,_T,Total,SCORE,Score,_Z,Not Applicable,_Z,Not Applicable,_Z,Not Applicable,2023,46.34146341463415,WB_BID,Benchmarking Infrastructure Development,0,Units,NUMBER,Number (real number),602,CCYY,A,Normal value,PU,Public
datastructure,WB.DATA360:DS_DATA360(1.2),I,A,Annual,SWE,Sweden,WB_BID_PPI_PRS,Public Private Partnerships (PPP) Benchmarking: Procurement Score,_T,Total,_T,All age ranges or no breakdown by age,_T,Total,SCORE,Score,_Z,Not Applicable,_Z,Not Applicable,_Z,Not Applicable,2023,71.95121951219512,WB_BID,Benchmarking Infrastructure Development,0,Units,NUMBER,Number (real number),602,CCYY,A,Normal value,PU,Public
datastructure,WB.DATA360:DS_DATA360(1.2),I,A,Annual,CHE,Switzerland,WB_BID_PPI_PRS,Public Private Partnerships (PPP) Benchmarking: Procurement Score,_T,Total,_T,All age ranges or no breakdown by age,_T,Total,SCORE,Score,_Z,Not Applicable,_Z,Not Applicable,_Z,Not Applicable,2023,47.5609756097561,WB_BID,Benchmarking Infrastructure Development,0,Units,NUMBER,Number (real number),602,CCYY,A,Normal value,PU,Public
datastructure,WB.DATA360:DS_DATA360(1.2),I,A,Annual,TJK,Tajikistan,WB_BID_PPI_PRS,Public Private Partnerships (PPP) Benchmarking: Procurement Score,_T,Total,_T,All age ranges or no breakdown by age,_T,Total,SCORE,Score,_Z,Not Applicable,_Z,Not Applicable,_Z,Not Applicable,2023,59.34959349593496,WB_BID,Benchmarking Infrastructure Development,0,Units,NUMBER,Number (real number),602,CCYY,A,Normal value,PU,Public
datastructure,WB.DATA360:DS_DATA360(1.2),I,A,Annual,TZA,Tanzania,WB_BID_PPI_PRS,Public Private Partnerships (PPP) Benchmarking: Procurement Score,_T,Total,_T,All age ranges or no breakdown by age,_T,Total,SCORE,Score,_Z,Not Applicable,_Z,Not Applicable,_Z,Not Applicable,2023,73.17073170731707,WB_BID,Benchmarking Infrastructure Development,0,Units,NUMBER,Number (real number),602,CCYY,A,Normal value,PU,Public
datastructure,WB.DATA360:DS_DATA360(1.2),I,A,Annual,THA,Thailand,WB_BID_PPI_PRS,Public Private Partnerships (PPP) Benchmarking: Procurement Score,_T,Total,_T,All age ranges or no breakdown by age,_T,Total,SCORE,Score,_Z,Not Applicable,_Z,Not Applicable,_Z,Not Applicable,2023,38.21138211382114,WB_BID,Benchmarking Infrastructure Development,0,Units,NUMBER,Number (real number),602,CCYY,A,Normal value,PU,Public
datastructure,WB.DATA360:DS_DATA360(1.2),I,A,Annual,TLS,Timor-Leste,WB_BID_PPI_PRS,Public Private Partnerships (PPP) Benchmarking: Procurement Score,_T,Total,_T,All age ranges or no breakdown by age,_T,Total,SCORE,Score,_Z,Not Applicable,_Z,Not Applicable,_Z,Not Applicable,2023,57.3170731707317,WB_BID,Benchmarking Infrastructure Development,0,Units,NUMBER,Number (real number),602,CCYY,A,Normal value,PU,Public
datastructure,WB.DATA360:DS_DATA360(1.2),I,A,Annual,TGO,Togo,WB_BID_PPI_PRS,Public Private Partnerships (PPP) Benchmarking: Procurement Score,_T,Total,_T,All age ranges or no breakdown by age,_T,Total,SCORE,Score,_Z,Not Applicable,_Z,Not Applicable,_Z,Not Applicable,2023,45.1219512195122,WB_BID,Benchmarking Infrastructure Development,0,Units,NUMBER,Number (real number),602,CCYY,A,Normal value,PU,Public
datastructure,WB.DATA360:DS_DATA360(1.2),I,A,Annual,TON,Tonga,WB_BID_PPI_PRS,Public Private Partnerships (PPP) Benchmarking: Procurement Score,_T,Total,_T,All age ranges or no breakdown by age,_T,Total,SCORE,Score,_Z,Not Applicable,_Z,Not Applicable,_Z,Not Applicable,2023,67.07317073170732,WB_BID,Benchmarking Infrastructure Development,0,Units,NUMBER,Number (real number),602,CCYY,A,Normal value,PU,Public
datastructure,WB.DATA360:DS_DATA360(1.2),I,A,Annual,TTO,Trinidad and Tobago,WB_BID_PPI_PRS,Public Private Partnerships (PPP) Benchmarking: Procurement Score,_T,Total,_T,All age ranges or no breakdown by age,_T,Total,SCORE,Score,_Z,Not Applicable,_Z,Not Applicable,_Z,Not Applicable,2023,28.86178861788618,WB_BID,Benchmarking Infrastructure Development,0,Units,NUMBER,Number (real number),602,CCYY,A,Normal value,PU,Public
datastructure,WB.DATA360:DS_DATA360(1.2),I,A,Annual,TUN,Tunisia,WB_BID_PPI_PRS,Public Private Partnerships (PPP) Benchmarking: Procurement Score,_T,Total,_T,All age ranges or no breakdown by age,_T,Total,SCORE,Score,_Z,Not Applicable,_Z,Not Applicable,_Z,Not Applicable,2023,60.162601626016254,WB_BID,Benchmarking Infrastructure Development,0,Units,NUMBER,Number (real number),602,CCYY,A,Normal value,PU,Public
datastructure,WB.DATA360:DS_DATA360(1.2),I,A,Annual,TUR,Turkiye,WB_BID_PPI_PRS,Public Private Partnerships (PPP) Benchmarking: Procurement Score,_T,Total,_T,All age ranges or no breakdown by age,_T,Total,SCORE,Score,_Z,Not Applicable,_Z,Not Applicable,_Z,Not Applicable,2023,68.69918699186991,WB_BID,Benchmarking Infrastructure Development,0,Units,NUMBER,Number (real number),602,CCYY,A,Normal value,PU,Public
datastructure,WB.DATA360:DS_DATA360(1.2),I,A,Annual,UGA,Uganda,WB_BID_PPI_PRS,Public Private Partnerships (PPP) Benchmarking: Procurement Score,_T,Total,_T,All age ranges or no breakdown by age,_T,Total,SCORE,Score,_Z,Not Applicable,_Z,Not Applicable,_Z,Not Applicable,2023,53.65853658536586,WB_BID,Benchmarking Infrastructure Development,0,Units,NUMBER,Number (real number),602,CCYY,A,Normal value,PU,Public
datastructure,WB.DATA360:DS_DATA360(1.2),I,A,Annual,UKR,Ukraine,WB_BID_PPI_PRS,Public Private Partnerships (PPP) Benchmarking: Procurement Score,_T,Total,_T,All age ranges or no breakdown by age,_T,Total,SCORE,Score,_Z,Not Applicable,_Z,Not Applicable,_Z,Not Applicable,2023,73.57723577235772,WB_BID,Benchmarking Infrastructure Development,0,Units,NUMBER,Number (real number),602,CCYY,A,Normal value,PU,Public
datastructure,WB.DATA360:DS_DATA360(1.2),I,A,Annual,ARE,United Arab Emirates,WB_BID_PPI_PRS,Public Private Partnerships (PPP) Benchmarking: Procurement Score,_T,Total,_T,All age ranges or no breakdown by age,_T,Total,SCORE,Score,_Z,Not Applicable,_Z,Not Applicable,_Z,Not Applicable,2023,57.72357723577235,WB_BID,Benchmarking Infrastructure Development,0,Units,NUMBER,Number (real number),602,CCYY,A,Normal value,PU,Public
datastructure,WB.DATA360:DS_DATA360(1.2),I,A,Annual,GBR,United Kingdom,WB_BID_PPI_PRS,Public Private Partnerships (PPP) Benchmarking: Procurement Score,_T,Total,_T,All age ranges or no breakdown by age,_T,Total,SCORE,Score,_Z,Not Applicable,_Z,Not Applicable,_Z,Not Applicable,2023,76.82926829268293,WB_BID,Benchmarking Infrastructure Development,0,Units,NUMBER,Number (real number),602,CCYY,A,Normal value,PU,Public
datastructure,WB.DATA360:DS_DATA360(1.2),I,A,Annual,USA,United States,WB_BID_PPI_PRS,Public Private Partnerships (PPP) Benchmarking: Procurement Score,_T,Total,_T,All age ranges or no breakdown by age,_T,Total,SCORE,Score,_Z,Not Applicable,_Z,Not Applicable,_Z,Not Applicable,2023,63.41463414634146,WB_BID,Benchmarking Infrastructure Development,0,Units,NUMBER,Number (real number),602,CCYY,A,Normal value,PU,Public
datastructure,WB.DATA360:DS_DATA360(1.2),I,A,Annual,URY,Uruguay,WB_BID_PPI_PRS,Public Private Partnerships (PPP) Benchmarking: Procurement Score,_T,Total,_T,All age ranges or no breakdown by age,_T,Total,SCORE,Score,_Z,Not Applicable,_Z,Not Applicable,_Z,Not Applicable,2023,70.73170731707317,WB_BID,Benchmarking Infrastructure Development,0,Units,NUMBER,Number (real number),602,CCYY,A,Normal value,PU,Public
datastructure,WB.DATA360:DS_DATA360(1.2),I,A,Annual,UZB,Uzbekistan,WB_BID_PPI_PRS,Public Private Partnerships (PPP) Benchmarking: Procurement Score,_T,Total,_T,All age ranges or no breakdown by age,_T,Total,SCORE,Score,_Z,Not Applicable,_Z,Not Applicable,_Z,Not Applicable,2023,58.13008130081301,WB_BID,Benchmarking Infrastructure Development,0,Units,NUMBER,Number (real number),602,CCYY,A,Normal value,PU,Public
datastructure,WB.DATA360:DS_DATA360(1.2),I,A,Annual,VUT,Vanuatu,WB_BID_PPI_PRS,Public Private Partnerships (PPP) Benchmarking: Procurement Score,_T,Total,_T,All age ranges or no breakdown by age,_T,Total,SCORE,Score,_Z,Not Applicable,_Z,Not Applicable,_Z,Not Applicable,2023,38.21138211382114,WB_BID,Benchmarking Infrastructure Development,0,Units,NUMBER,Number (real number),602,CCYY,A,Normal value,PU,Public
datastructure,WB.DATA360:DS_DATA360(1.2),I,A,Annual,VNM,Viet Nam,WB_BID_PPI_PRS,Public Private Partnerships (PPP) Benchmarking: Procurement Score,_T,Total,_T,All age ranges or no breakdown by age,_T,Total,SCORE,Score,_Z,Not Applicable,_Z,Not Applicable,_Z,Not Applicable,2023,80.48780487804879,WB_BID,Benchmarking Infrastructure Development,0,Units,NUMBER,Number (real number),602,CCYY,A,Normal value,PU,Public
datastructure,WB.DATA360:DS_DATA360(1.2),I,A,Annual,ZMB,Zambia,WB_BID_PPI_PRS,Public Private Partnerships (PPP) Benchmarking: Procurement Score,_T,Total,_T,All age ranges or no breakdown by age,_T,Total,SCORE,Score,_Z,Not Applicable,_Z,Not Applicable,_Z,Not Applicable,2023,81.70731707317073,WB_BID,Benchmarking Infrastructure Development,0,Units,NUMBER,Number (real number),602,CCYY,A,Normal value,PU,Public
datastructure,WB.DATA360:DS_DATA360(1.2),I,A,Annual,ZWE,Zimbabwe,WB_BID_PPI_PRS,Public Private Partnerships (PPP) Benchmarking: Procurement Score,_T,Total,_T,All age ranges or no breakdown by age,_T,Total,SCORE,Score,_Z,Not Applicable,_Z,Not Applicable,_Z,Not Applicable,2023,76.01626016260163,WB_BID,Benchmarking Infrastructure Development,0,Units,NUMBER,Number (real number),602,CCYY,A,Normal value,PU,Public
datastructure,WB.DATA360:DS_DATA360(1.2),I,A,Annual,MMR,Myanmar,WB_BID_PPI_PRS,Public Private Partnerships (PPP) Benchmarking: Procurement Score,_T,Total,_T,All age ranges or no breakdown by age,_T,Total,SCORE,Score,_Z,Not Applicable,_Z,Not Applicable,_Z,Not Applicable,2023,34.95934959349593,WB_BID,Benchmarking Infrastructure Development,0,Units,NUMBER,Number (real number),602,CCYY,A,Normal value,PU,Public
datastructure,WB.DATA360:DS_DATA360(1.2),I,A,Annual,RUS,Russian Federation,WB_BID_PPI_PRS,Public Private Partnerships (PPP) Benchmarking: Procurement Score,_T,Total,_T,All age ranges or no breakdown by age,_T,Total,SCORE,Score,_Z,Not Applicable,_Z,Not Applicable,_Z,Not Applicable,2023,71.13821138211381,WB_BID,Benchmarking Infrastructure Development,0,Units,NUMBER,Number (real number),602,CCYY,A,Normal value,PU,Public
datastructure,WB.DATA360:DS_DATA360(1.2),I,A,Annual,AFG,Afghanistan,WB_BID_PPI_USP,Public Private Partnerships (PPP) Benchmarking: USP Score,_T,Total,_T,All age ranges or no breakdown by age,_T,Total,SCORE,Score,_Z,Not Applicable,_Z,Not Applicable,_Z,Not Applicable,2023,75.0,WB_BID,Benchmarking Infrastructure Development,0,Units,NUMBER,Number (real number),602,CCYY,A,Normal value,PU,Public
datastructure,WB.DATA360:DS_DATA360(1.2),I,A,Annual,ALB,Albania,WB_BID_PPI_USP,Public Private Partnerships (PPP) Benchmarking: USP Score,_T,Total,_T,All age ranges or no breakdown by age,_T,Total,SCORE,Score,_Z,Not Applicable,_Z,Not Applicable,_Z,Not Applicable,2023,,WB_BID,Benchmarking Infrastructure Development,0,Units,NUMBER,Number (real number),602,CCYY,O,Missing value,PU,Public
datastructure,WB.DATA360:DS_DATA360(1.2),I,A,Annual,DZA,Algeria,WB_BID_PPI_USP,Public Private Partnerships (PPP) Benchmarking: USP Score,_T,Total,_T,All age ranges or no breakdown by age,_T,Total,SCORE,Score,_Z,Not Applicable,_Z,Not Applicable,_Z,Not Applicable,2023,,WB_BID,Benchmarking Infrastructure Development,0,Units,NUMBER,Number (real number),602,CCYY,O,Missing value,PU,Public
datastructure,WB.DATA360:DS_DATA360(1.2),I,A,Annual,AGO,Angola,WB_BID_PPI_USP,Public Private Partnerships (PPP) Benchmarking: USP Score,_T,Total,_T,All age ranges or no breakdown by age,_T,Total,SCORE,Score,_Z,Not Applicable,_Z,Not Applicable,_Z,Not Applicable,2023,33.33333333333333,WB_BID,Benchmarking Infrastructure Development,0,Units,NUMBER,Number (real number),602,CCYY,A,Normal value,PU,Public
datastructure,WB.DATA360:DS_DATA360(1.2),I,A,Annual,ARG,Argentina,WB_BID_PPI_USP,Public Private Partnerships (PPP) Benchmarking: USP Score,_T,Total,_T,All age ranges or no breakdown by age,_T,Total,SCORE,Score,_Z,Not Applicable,_Z,Not Applicable,_Z,Not Applicable,2023,75.0,WB_BID,Benchmarking Infrastructure Development,0,Units,NUMBER,Number (real number),602,CCYY,A,Normal value,PU,Public
datastructure,WB.DATA360:DS_DATA360(1.2),I,A,Annual,ARM,Armenia,WB_BID_PPI_USP,Public Private Partnerships (PPP) Benchmarking: USP Score,_T,Total,_T,All age ranges or no breakdown by age,_T,Total,SCORE,Score,_Z,Not Applicable,_Z,Not Applicable,_Z,Not Applicable,2023,66.66666666666666,WB_BID,Benchmarking Infrastructure Development,0,Units,NUMBER,Number (real number),602,CCYY,A,Normal value,PU,Public
datastructure,WB.DATA360:DS_DATA360(1.2),I,A,Annual,AUS,Australia,WB_BID_PPI_USP,Public Private Partnerships (PPP) Benchmarking: USP Score,_T,Total,_T,All age ranges or no breakdown by age,_T,Total,SCORE,Score,_Z,Not Applicable,_Z,Not Applicable,_Z,Not Applicable,2023,66.66666666666666,WB_BID,Benchmarking Infrastructure Development,0,Units,NUMBER,Number (real number),602,CCYY,A,Normal value,PU,Public
datastructure,WB.DATA360:DS_DATA360(1.2),I,A,Annual,AUT,Austria,WB_BID_PPI_USP,Public Private Partnerships (PPP) Benchmarking: USP Score,_T,Total,_T,All age ranges or no breakdown by age,_T,Total,SCORE,Score,_Z,Not Applicable,_Z,Not Applicable,_Z,Not Applicable,2023,,WB_BID,Benchmarking Infrastructure Development,0,Units,NUMBER,Number (real number),602,CCYY,O,Missing value,PU,Public
datastructure,WB.DATA360:DS_DATA360(1.2),I,A,Annual,AZE,Azerbaijan,WB_BID_PPI_USP,Public Private Partnerships (PPP) Benchmarking: USP Score,_T,Total,_T,All age ranges or no breakdown by age,_T,Total,SCORE,Score,_Z,Not Applicable,_Z,Not Applicable,_Z,Not Applicable,2023,,WB_BID,Benchmarking Infrastructure Development,0,Units,NUMBER,Number (real number),602,CCYY,O,Missing value,PU,Public
datastructure,WB.DATA360:DS_DATA360(1.2),I,A,Annual,BGD,Bangladesh,WB_BID_PPI_USP,Public Private Partnerships (PPP) Benchmarking: USP Score,_T,Total,_T,All age ranges or no breakdown by age,_T,Total,SCORE,Score,_Z,Not Applicable,_Z,Not Applicable,_Z,Not Applicable,2023,75.0,WB_BID,Benchmarking Infrastructure Development,0,Units,NUMBER,Number (real number),602,CCYY,A,Normal value,PU,Public
datastructure,WB.DATA360:DS_DATA360(1.2),I,A,Annual,BLR,Belarus,WB_BID_PPI_USP,Public Private Partnerships (PPP) Benchmarking: USP Score,_T,Total,_T,All age ranges or no breakdown by age,_T,Total,SCORE,Score,_Z,Not Applicable,_Z,Not Applicable,_Z,Not Applicable,2023,50.0,WB_BID,Benchmarking Infrastructure Development,0,Units,NUMBER,Number (real number),602,CCYY,A,Normal value,PU,Public
datastructure,WB.DATA360:DS_DATA360(1.2),I,A,Annual,BEL,Belgium,WB_BID_PPI_USP,Public Private Partnerships (PPP) Benchmarking: USP Score,_T,Total,_T,All age ranges or no breakdown by age,_T,Total,SCORE,Score,_Z,Not Applicable,_Z,Not Applicable,_Z,Not Applicable,2023,,WB_BID,Benchmarking Infrastructure Development,0,Units,NUMBER,Number (real number),602,CCYY,O,Missing value,PU,Public
datastructure,WB.DATA360:DS_DATA360(1.2),I,A,Annual,BEN,Benin,WB_BID_PPI_USP,Public Private Partnerships (PPP) Benchmarking: USP Score,_T,Total,_T,All age ranges or no breakdown by age,_T,Total,SCORE,Score,_Z,Not Applicable,_Z,Not Applicable,_Z,Not Applicable,2023,83.33333333333334,WB_BID,Benchmarking Infrastructure Development,0,Units,NUMBER,Number (real number),602,CCYY,A,Normal value,PU,Public
datastructure,WB.DATA360:DS_DATA360(1.2),I,A,Annual,BIH,Bosnia and Herzegovina,WB_BID_PPI_USP,Public Private Partnerships (PPP) Benchmarking: USP Score,_T,Total,_T,All age ranges or no breakdown by age,_T,Total,SCORE,Score,_Z,Not Applicable,_Z,Not Applicable,_Z,Not Applicable,2023,66.66666666666666,WB_BID,Benchmarking Infrastructure Development,0,Units,NUMBER,Number (real number),602,CCYY,A,Normal value,PU,Public
datastructure,WB.DATA360:DS_DATA360(1.2),I,A,Annual,BWA,Botswana,WB_BID_PPI_USP,Public Private Partnerships (PPP) Benchmarking: USP Score,_T,Total,_T,All age ranges or no breakdown by age,_T,Total,SCORE,Score,_Z,Not Applicable,_Z,Not Applicable,_Z,Not Applicable,2023,66.66666666666666,WB_BID,Benchmarking Infrastructure Development,0,Units,NUMBER,Number (real number),602,CCYY,A,Normal value,PU,Public
datastructure,WB.DATA360:DS_DATA360(1.2),I,A,Annual,BRA,Brazil,WB_BID_PPI_USP,Public Private Partnerships (PPP) Benchmarking: USP Score,_T,Total,_T,All age ranges or no breakdown by age,_T,Total,SCORE,Score,_Z,Not Applicable,_Z,Not Applicable,_Z,Not Applicable,2023,58.333333333333336,WB_BID,Benchmarking Infrastructure Development,0,Units,NUMBER,Number (real number),602,CCYY,A,Normal value,PU,Public
datastructure,WB.DATA360:DS_DATA360(1.2),I,A,Annual,BGR,Bulgaria,WB_BID_PPI_USP,Public Private Partnerships (PPP) Benchmarking: USP Score,_T,Total,_T,All age ranges or no breakdown by age,_T,Total,SCORE,Score,_Z,Not Applicable,_Z,Not Applicable,_Z,Not Applicable,2023,83.33333333333334,WB_BID,Benchmarking Infrastructure Development,0,Units,NUMBER,Number (real number),602,CCYY,A,Normal value,PU,Public
datastructure,WB.DATA360:DS_DATA360(1.2),I,A,Annual,BFA,Burkina Faso,WB_BID_PPI_USP,Public Private Partnerships (PPP) Benchmarking: USP Score,_T,Total,_T,All age ranges or no breakdown by age,_T,Total,SCORE,Score,_Z,Not Applicable,_Z,Not Applicable,_Z,Not Applicable,2023,66.66666666666666,WB_BID,Benchmarking Infrastructure Development,0,Units,NUMBER,Number (real number),602,CCYY,A,Normal value,PU,Public
datastructure,WB.DATA360:DS_DATA360(1.2),I,A,Annual,BDI,Burundi,WB_BID_PPI_USP,Public Private Partnerships (PPP) Benchmarking: USP Score,_T,Total,_T,All age ranges or no breakdown by age,_T,Total,SCORE,Score,_Z,Not Applicable,_Z,Not Applicable,_Z,Not Applicable,2023,83.33333333333334,WB_BID,Benchmarking Infrastructure Development,0,Units,NUMBER,Number (real number),602,CCYY,A,Normal value,PU,Public
datastructure,WB.DATA360:DS_DATA360(1.2),I,A,Annual,KHM,Cambodia,WB_BID_PPI_USP,Public Private Partnerships (PPP) Benchmarking: USP Score,_T,Total,_T,All age ranges or no breakdown by age,_T,Total,SCORE,Score,_Z,Not Applicable,_Z,Not Applicable,_Z,Not Applicable,2023,16.666666666666664,WB_BID,Benchmarking Infrastructure Development,0,Units,NUMBER,Number (real number),602,CCYY,A,Normal value,PU,Public
datastructure,WB.DATA360:DS_DATA360(1.2),I,A,Annual,CMR,Cameroon,WB_BID_PPI_USP,Public Private Partnerships (PPP) Benchmarking: USP Score,_T,Total,_T,All age ranges or no breakdown by age,_T,Total,SCORE,Score,_Z,Not Applicable,_Z,Not Applicable,_Z,Not Applicable,2023,33.33333333333333,WB_BID,Benchmarking Infrastructure Development,0,Units,NUMBER,Number (real number),602,CCYY,A,Normal value,PU,Public
datastructure,WB.DATA360:DS_DATA360(1.2),I,A,Annual,CAN,Canada,WB_BID_PPI_USP,Public Private Partnerships (PPP) Benchmarking: USP Score,_T,Total,_T,All age ranges or no breakdown by age,_T,Total,SCORE,Score,_Z,Not Applicable,_Z,Not Applicable,_Z,Not Applicable,2023,,WB_BID,Benchmarking Infrastructure Development,0,Units,NUMBER,Number (real number),602,CCYY,O,Missing value,PU,Public
datastructure,WB.DATA360:DS_DATA360(1.2),I,A,Annual,TCD,Chad,WB_BID_PPI_USP,Public Private Partnerships (PPP) Benchmarking: USP Score,_T,Total,_T,All age ranges or no breakdown by age,_T,Total,SCORE,Score,_Z,Not Applicable,_Z,Not Applicable,_Z,Not Applicable,2023,33.33333333333333,WB_BID,Benchmarking Infrastructure Development,0,Units,NUMBER,Number (real number),602,CCYY,A,Normal value,PU,Public
datastructure,WB.DATA360:DS_DATA360(1.2),I,A,Annual,CHL,Chile,WB_BID_PPI_USP,Public Private Partnerships (PPP) Benchmarking: USP Score,_T,Total,_T,All age ranges or no breakdown by age,_T,Total,SCORE,Score,_Z,Not Applicable,_Z,Not Applicable,_Z,Not Applicable,2023,66.66666666666666,WB_BID,Benchmarking Infrastructure Development,0,Units,NUMBER,Number (real number),602,CCYY,A,Normal value,PU,Public
datastructure,WB.DATA360:DS_DATA360(1.2),I,A,Annual,CHN,China,WB_BID_PPI_USP,Public Private Partnerships (PPP) Benchmarking: USP Score,_T,Total,_T,All age ranges or no breakdown by age,_T,Total,SCORE,Score,_Z,Not Applicable,_Z,Not Applicable,_Z,Not Applicable,2023,50.0,WB_BID,Benchmarking Infrastructure Development,0,Units,NUMBER,Number (real number),602,CCYY,A,Normal value,PU,Public
datastructure,WB.DATA360:DS_DATA360(1.2),I,A,Annual,COL,Colombia,WB_BID_PPI_USP,Public Private Partnerships (PPP) Benchmarking: USP Score,_T,Total,_T,All age ranges or no breakdown by age,_T,Total,SCORE,Score,_Z,Not Applicable,_Z,Not Applicable,_Z,Not Applicable,2023,91.66666666666666,WB_BID,Benchmarking Infrastructure Development,0,Units,NUMBER,Number (real number),602,CCYY,A,Normal value,PU,Public
datastructure,WB.DATA360:DS_DATA360(1.2),I,A,Annual,COD,"Congo, Dem. Rep.",WB_BID_PPI_USP,Public Private Partnerships (PPP) Benchmarking: USP Score,_T,Total,_T,All age ranges or no breakdown by age,_T,Total,SCORE,Score,_Z,Not Applicable,_Z,Not Applicable,_Z,Not Applicable,2023,66.66666666666666,WB_BID,Benchmarking Infrastructure Development,0,Units,NUMBER,Number (real number),602,CCYY,A,Normal value,PU,Public
datastructure,WB.DATA360:DS_DATA360(1.2),I,A,Annual,COG,"Congo, Rep.",WB_BID_PPI_USP,Public Private Partnerships (PPP) Benchmarking: USP Score,_T,Total,_T,All age ranges or no breakdown by age,_T,Total,SCORE,Score,_Z,Not Applicable,_Z,Not Applicable,_Z,Not Applicable,2023,0.0,WB_BID,Benchmarking Infrastructure Development,0,Units,NUMBER,Number (real number),602,CCYY,A,Normal value,PU,Public
datastructure,WB.DATA360:DS_DATA360(1.2),I,A,Annual,CRI,Costa Rica,WB_BID_PPI_USP,Public Private Partnerships (PPP) Benchmarking: USP Score,_T,Total,_T,All age ranges or no breakdown by age,_T,Total,SCORE,Score,_Z,Not Applicable,_Z,Not Applicable,_Z,Not Applicable,2023,,WB_BID,Benchmarking Infrastructure Development,0,Units,NUMBER,Number (real number),602,CCYY,O,Missing value,PU,Public
datastructure,WB.DATA360:DS_DATA360(1.2),I,A,Annual,CIV,Cote d'Ivoire,WB_BID_PPI_USP,Public Private Partnerships (PPP) Benchmarking: USP Score,_T,Total,_T,All age ranges or no breakdown by age,_T,Total,SCORE,Score,_Z,Not Applicable,_Z,Not Applicable,_Z,Not Applicable,2023,50.0,WB_BID,Benchmarking Infrastructure Development,0,Units,NUMBER,Number (real number),602,CCYY,A,Normal value,PU,Public
datastructure,WB.DATA360:DS_DATA360(1.2),I,A,Annual,HRV,Croatia,WB_BID_PPI_USP,Public Private Partnerships (PPP) Benchmarking: USP Score,_T,Total,_T,All age ranges or no breakdown by age,_T,Total,SCORE,Score,_Z,Not Applicable,_Z,Not Applicable,_Z,Not Applicable,2023,,WB_BID,Benchmarking Infrastructure Development,0,Units,NUMBER,Number (real number),602,CCYY,O,Missing value,PU,Public
datastructure,WB.DATA360:DS_DATA360(1.2),I,A,Annual,CZE,Czechia,WB_BID_PPI_USP,Public Private Partnerships (PPP) Benchmarking: USP Score,_T,Total,_T,All age ranges or no breakdown by age,_T,Total,SCORE,Score,_Z,Not Applicable,_Z,Not Applicable,_Z,Not Applicable,2023,,WB_BID,Benchmarking Infrastructure Development,0,Units,NUMBER,Number (real number),602,CCYY,O,Missing value,PU,Public
datastructure,WB.DATA360:DS_DATA360(1.2),I,A,Annual,DNK,Denmark,WB_BID_PPI_USP,Public Private Partnerships (PPP) Benchmarking: USP Score,_T,Total,_T,All age ranges or no breakdown by age,_T,Total,SCORE,Score,_Z,Not Applicable,_Z,Not Applicable,_Z,Not Applicable,2023,,WB_BID,Benchmarking Infrastructure Development,0,Units,NUMBER,Number (real number),602,CCYY,O,Missing value,PU,Public
datastructure,WB.DATA360:DS_DATA360(1.2),I,A,Annual,DJI,Djibouti,WB_BID_PPI_USP,Public Private Partnerships (PPP) Benchmarking: USP Score,_T,Total,_T,All age ranges or no breakdown by age,_T,Total,SCORE,Score,_Z,Not Applicable,_Z,Not Applicable,_Z,Not Applicable,2023,50.0,WB_BID,Benchmarking Infrastructure Development,0,Units,NUMBER,Number (real number),602,CCYY,A,Normal value,PU,Public
datastructure,WB.DATA360:DS_DATA360(1.2),I,A,Annual,DOM,Dominican Republic,WB_BID_PPI_USP,Public Private Partnerships (PPP) Benchmarking: USP Score,_T,Total,_T,All age ranges or no breakdown by age,_T,Total,SCORE,Score,_Z,Not Applicable,_Z,Not Applicable,_Z,Not Applicable,2023,66.66666666666666,WB_BID,Benchmarking Infrastructure Development,0,Units,NUMBER,Number (real number),602,CCYY,A,Normal value,PU,Public
datastructure,WB.DATA360:DS_DATA360(1.2),I,A,Annual,ECU,Ecuador,WB_BID_PPI_USP,Public Private Partnerships (PPP) Benchmarking: USP Score,_T,Total,_T,All age ranges or no breakdown by age,_T,Total,SCORE,Score,_Z,Not Applicable,_Z,Not Applicable,_Z,Not Applicable,2023,91.66666666666666,WB_BID,Benchmarking Infrastructure Development,0,Units,NUMBER,Number (real number),602,CCYY,A,Normal value,PU,Public
datastructure,WB.DATA360:DS_DATA360(1.2),I,A,Annual,EGY,"Egypt, Arab Rep.",WB_BID_PPI_USP,Public Private Partnerships (PPP) Benchmarking: USP Score,_T,Total,_T,All age ranges or no breakdown by age,_T,Total,SCORE,Score,_Z,Not Applicable,_Z,Not Applicable,_Z,Not Applicable,2023,16.666666666666664,WB_BID,Benchmarking Infrastructure Development,0,Units,NUMBER,Number (real number),602,CCYY,A,Normal value,PU,Public
datastructure,WB.DATA360:DS_DATA360(1.2),I,A,Annual,SLV,El Salvador,WB_BID_PPI_USP,Public Private Partnerships (PPP) Benchmarking: USP Score,_T,Total,_T,All age ranges or no breakdown by age,_T,Total,SCORE,Score,_Z,Not Applicable,_Z,Not Applicable,_Z,Not Applicable,2023,75.0,WB_BID,Benchmarking Infrastructure Development,0,Units,NUMBER,Number (real number),602,CCYY,A,Normal value,PU,Public
datastructure,WB.DATA360:DS_DATA360(1.2),I,A,Annual,ERI,Eritrea,WB_BID_PPI_USP,Public Private Partnerships (PPP) Benchmarking: USP Score,_T,Total,_T,All age ranges or no breakdown by age,_T,Total,SCORE,Score,_Z,Not Applicable,_Z,Not Applicable,_Z,Not Applicable,2023,,WB_BID,Benchmarking Infrastructure Development,0,Units,NUMBER,Number (real number),602,CCYY,O,Missing value,PU,Public
datastructure,WB.DATA360:DS_DATA360(1.2),I,A,Annual,EST,Estonia,WB_BID_PPI_USP,Public Private Partnerships (PPP) Benchmarking: USP Score,_T,Total,_T,All age ranges or no breakdown by age,_T,Total,SCORE,Score,_Z,Not Applicable,_Z,Not Applicable,_Z,Not Applicable,2023,,WB_BID,Benchmarking Infrastructure Development,0,Units,NUMBER,Number (real number),602,CCYY,O,Missing value,PU,Public
datastructure,WB.DATA360:DS_DATA360(1.2),I,A,Annual,ETH,Ethiopia,WB_BID_PPI_USP,Public Private Partnerships (PPP) Benchmarking: USP Score,_T,Total,_T,All age ranges or no breakdown by age,_T,Total,SCORE,Score,_Z,Not Applicable,_Z,Not Applicable,_Z,Not Applicable,2023,83.33333333333334,WB_BID,Benchmarking Infrastructure Development,0,Units,NUMBER,Number (real number),602,CCYY,A,Normal value,PU,Public
datastructure,WB.DATA360:DS_DATA360(1.2),I,A,Annual,FIN,Finland,WB_BID_PPI_USP,Public Private Partnerships (PPP) Benchmarking: USP Score,_T,Total,_T,All age ranges or no breakdown by age,_T,Total,SCORE,Score,_Z,Not Applicable,_Z,Not Applicable,_Z,Not Applicable,2023,,WB_BID,Benchmarking Infrastructure Development,0,Units,NUMBER,Number (real number),602,CCYY,O,Missing value,PU,Public
datastructure,WB.DATA360:DS_DATA360(1.2),I,A,Annual,FRA,France,WB_BID_PPI_USP,Public Private Partnerships (PPP) Benchmarking: USP Score,_T,Total,_T,All age ranges or no breakdown by age,_T,Total,SCORE,Score,_Z,Not Applicable,_Z,Not Applicable,_Z,Not Applicable,2023,,WB_BID,Benchmarking Infrastructure Development,0,Units,NUMBER,Number (real number),602,CCYY,O,Missing value,PU,Public
datastructure,WB.DATA360:DS_DATA360(1.2),I,A,Annual,GAB,Gabon,WB_BID_PPI_USP,Public Private Partnerships (PPP) Benchmarking: USP Score,_T,Total,_T,All age ranges or no breakdown by age,_T,Total,SCORE,Score,_Z,Not Applicable,_Z,Not Applicable,_Z,Not Applicable,2023,50.0,WB_BID,Benchmarking Infrastructure Development,0,Units,NUMBER,Number (real number),602,CCYY,A,Normal value,PU,Public
datastructure,WB.DATA360:DS_DATA360(1.2),I,A,Annual,GEO,Georgia,WB_BID_PPI_USP,Public Private Partnerships (PPP) Benchmarking: USP Score,_T,Total,_T,All age ranges or no breakdown by age,_T,Total,SCORE,Score,_Z,Not Applicable,_Z,Not Applicable,_Z,Not Applicable,2023,83.33333333333334,WB_BID,Benchmarking Infrastructure Development,0,Units,NUMBER,Number (real number),602,CCYY,A,Normal value,PU,Public
datastructure,WB.DATA360:DS_DATA360(1.2),I,A,Annual,DEU,Germany,WB_BID_PPI_USP,Public Private Partnerships (PPP) Benchmarking: USP Score,_T,Total,_T,All age ranges or no breakdown by age,_T,Total,SCORE,Score,_Z,Not Applicable,_Z,Not Applicable,_Z,Not Applicable,2023,,WB_BID,Benchmarking Infrastructure Development,0,Units,NUMBER,Number (real number),602,CCYY,O,Missing value,PU,Public
datastructure,WB.DATA360:DS_DATA360(1.2),I,A,Annual,GHA,Ghana,WB_BID_PPI_USP,Public Private Partnerships (PPP) Benchmarking: USP Score,_T,Total,_T,All age ranges or no breakdown by age,_T,Total,SCORE,Score,_Z,Not Applicable,_Z,Not Applicable,_Z,Not Applicable,2023,83.33333333333334,WB_BID,Benchmarking Infrastructure Development,0,Units,NUMBER,Number (real number),602,CCYY,A,Normal value,PU,Public
datastructure,WB.DATA360:DS_DATA360(1.2),I,A,Annual,GRC,Greece,WB_BID_PPI_USP,Public Private Partnerships (PPP) Benchmarking: USP Score,_T,Total,_T,All age ranges or no breakdown by age,_T,Total,SCORE,Score,_Z,Not Applicable,_Z,Not Applicable,_Z,Not Applicable,2023,100.0,WB_BID,Benchmarking Infrastructure Development,0,Units,NUMBER,Number (real number),602,CCYY,A,Normal value,PU,Public
datastructure,WB.DATA360:DS_DATA360(1.2),I,A,Annual,GTM,Guatemala,WB_BID_PPI_USP,Public Private Partnerships (PPP) Benchmarking: USP Score,_T,Total,_T,All age ranges or no breakdown by age,_T,Total,SCORE,Score,_Z,Not Applicable,_Z,Not Applicable,_Z,Not Applicable,2023,,WB_BID,Benchmarking Infrastructure Development,0,Units,NUMBER,Number (real number),602,CCYY,O,Missing value,PU,Public
datastructure,WB.DATA360:DS_DATA360(1.2),I,A,Annual,GIN,Guinea,WB_BID_PPI_USP,Public Private Partnerships (PPP) Benchmarking: USP Score,_T,Total,_T,All age ranges or no breakdown by age,_T,Total,SCORE,Score,_Z,Not Applicable,_Z,Not Applicable,_Z,Not Applicable,2023,25.0,WB_BID,Benchmarking Infrastructure Development,0,Units,NUMBER,Number (real number),602,CCYY,A,Normal value,PU,Public
datastructure,WB.DATA360:DS_DATA360(1.2),I,A,Annual,HTI,Haiti,WB_BID_PPI_USP,Public Private Partnerships (PPP) Benchmarking: USP Score,_T,Total,_T,All age ranges or no breakdown by age,_T,Total,SCORE,Score,_Z,Not Applicable,_Z,Not Applicable,_Z,Not Applicable,2023,0.0,WB_BID,Benchmarking Infrastructure Development,0,Units,NUMBER,Number (real number),602,CCYY,A,Normal value,PU,Public
datastructure,WB.DATA360:DS_DATA360(1.2),I,A,Annual,HND,Honduras,WB_BID_PPI_USP,Public Private Partnerships (PPP) Benchmarking: USP Score,_T,Total,_T,All age ranges or no breakdown by age,_T,Total,SCORE,Score,_Z,Not Applicable,_Z,Not Applicable,_Z,Not Applicable,2023,58.333333333333336,WB_BID,Benchmarking Infrastructure Development,0,Units,NUMBER,Number (real number),602,CCYY,A,Normal value,PU,Public
datastructure,WB.DATA360:DS_DATA360(1.2),I,A,Annual,HUN,Hungary,WB_BID_PPI_USP,Public Private Partnerships (PPP) Benchmarking: USP Score,_T,Total,_T,All age ranges or no breakdown by age,_T,Total,SCORE,Score,_Z,Not Applicable,_Z,Not Applicable,_Z,Not Applicable,2023,,WB_BID,Benchmarking Infrastructure Development,0,Units,NUMBER,Number (real number),602,CCYY,O,Missing value,PU,Public
datastructure,WB.DATA360:DS_DATA360(1.2),I,A,Annual,IND,India,WB_BID_PPI_USP,Public Private Partnerships (PPP) Benchmarking: USP Score,_T,Total,_T,All age ranges or no breakdown by age,_T,Total,SCORE,Score,_Z,Not Applicable,_Z,Not Applicable,_Z,Not Applicable,2023,,WB_BID,Benchmarking Infrastructure Development,0,Units,NUMBER,Number (real number),602,CCYY,O,Missing value,PU,Public
datastructure,WB.DATA360:DS_DATA360(1.2),I,A,Annual,IDN,Indonesia,WB_BID_PPI_USP,Public Private Partnerships (PPP) Benchmarking: USP Score,_T,Total,_T,All age ranges or no breakdown by age,_T,Total,SCORE,Score,_Z,Not Applicable,_Z,Not Applicable,_Z,Not Applicable,2023,58.333333333333336,WB_BID,Benchmarking Infrastructure Development,0,Units,NUMBER,Number (real number),602,CCYY,A,Normal value,PU,Public
datastructure,WB.DATA360:DS_DATA360(1.2),I,A,Annual,IRN,"Iran, Islamic Rep.",WB_BID_PPI_USP,Public Private Partnerships (PPP) Benchmarking: USP Score,_T,Total,_T,All age ranges or no breakdown by age,_T,Total,SCORE,Score,_Z,Not Applicable,_Z,Not Applicable,_Z,Not Applicable,2023,,WB_BID,Benchmarking Infrastructure Development,0,Units,NUMBER,Number (real number),602,CCYY,O,Missing value,PU,Public
datastructure,WB.DATA360:DS_DATA360(1.2),I,A,Annual,IRQ,Iraq,WB_BID_PPI_USP,Public Private Partnerships (PPP) Benchmarking: USP Score,_T,Total,_T,All age ranges or no breakdown by age,_T,Total,SCORE,Score,_Z,Not Applicable,_Z,Not Applicable,_Z,Not Applicable,2023,0.0,WB_BID,Benchmarking Infrastructure Development,0,Units,NUMBER,Number (real number),602,CCYY,A,Normal value,PU,Public
datastructure,WB.DATA360:DS_DATA360(1.2),I,A,Annual,IRL,Ireland,WB_BID_PPI_USP,Public Private Partnerships (PPP) Benchmarking: USP Score,_T,Total,_T,All age ranges or no breakdown by age,_T,Total,SCORE,Score,_Z,Not Applicable,_Z,Not Applicable,_Z,Not Applicable,2023,,WB_BID,Benchmarking Infrastructure Development,0,Units,NUMBER,Number (real number),602,CCYY,O,Missing value,PU,Public
datastructure,WB.DATA360:DS_DATA360(1.2),I,A,Annual,ISR,Israel,WB_BID_PPI_USP,Public Private Partnerships (PPP) Benchmarking: USP Score,_T,Total,_T,All age ranges or no breakdown by age,_T,Total,SCORE,Score,_Z,Not Applicable,_Z,Not Applicable,_Z,Not Applicable,2023,,WB_BID,Benchmarking Infrastructure Development,0,Units,NUMBER,Number (real number),602,CCYY,O,Missing value,PU,Public
datastructure,WB.DATA360:DS_DATA360(1.2),I,A,Annual,ITA,Italy,WB_BID_PPI_USP,Public Private Partnerships (PPP) Benchmarking: USP Score,_T,Total,_T,All age ranges or no breakdown by age,_T,Total,SCORE,Score,_Z,Not Applicable,_Z,Not Applicable,_Z,Not Applicable,2023,83.33333333333334,WB_BID,Benchmarking Infrastructure Development,0,Units,NUMBER,Number (real number),602,CCYY,A,Normal value,PU,Public
datastructure,WB.DATA360:DS_DATA360(1.2),I,A,Annual,JAM,Jamaica,WB_BID_PPI_USP,Public Private Partnerships (PPP) Benchmarking: USP Score,_T,Total,_T,All age ranges or no breakdown by age,_T,Total,SCORE,Score,_Z,Not Applicable,_Z,Not Applicable,_Z,Not Applicable,2023,50.0,WB_BID,Benchmarking Infrastructure Development,0,Units,NUMBER,Number (real number),602,CCYY,A,Normal value,PU,Public
datastructure,WB.DATA360:DS_DATA360(1.2),I,A,Annual,JPN,Japan,WB_BID_PPI_USP,Public Private Partnerships (PPP) Benchmarking: USP Score,_T,Total,_T,All age ranges or no breakdown by age,_T,Total,SCORE,Score,_Z,Not Applicable,_Z,Not Applicable,_Z,Not Applicable,2023,50.0,WB_BID,Benchmarking Infrastructure Development,0,Units,NUMBER,Number (real number),602,CCYY,A,Normal value,PU,Public
datastructure,WB.DATA360:DS_DATA360(1.2),I,A,Annual,JOR,Jordan,WB_BID_PPI_USP,Public Private Partnerships (PPP) Benchmarking: USP Score,_T,Total,_T,All age ranges or no breakdown by age,_T,Total,SCORE,Score,_Z,Not Applicable,_Z,Not Applicable,_Z,Not Applicable,2023,58.333333333333336,WB_BID,Benchmarking Infrastructure Development,0,Units,NUMBER,Number (real number),602,CCYY,A,Normal value,PU,Public
datastructure,WB.DATA360:DS_DATA360(1.2),I,A,Annual,KAZ,Kazakhstan,WB_BID_PPI_USP,Public Private Partnerships (PPP) Benchmarking: USP Score,_T,Total,_T,All age ranges or no breakdown by age,_T,Total,SCORE,Score,_Z,Not Applicable,_Z,Not Applicable,_Z,Not Applicable,2023,75.0,WB_BID,Benchmarking Infrastructure Development,0,Units,NUMBER,Number (real number),602,CCYY,A,Normal value,PU,Public
datastructure,WB.DATA360:DS_DATA360(1.2),I,A,Annual,KEN,Kenya,WB_BID_PPI_USP,Public Private Partnerships (PPP) Benchmarking: USP Score,_T,Total,_T,All age ranges or no breakdown by age,_T,Total,SCORE,Score,_Z,Not Applicable,_Z,Not Applicable,_Z,Not Applicable,2023,50.0,WB_BID,Benchmarking Infrastructure Development,0,Units,NUMBER,Number (real number),602,CCYY,A,Normal value,PU,Public
datastructure,WB.DATA360:DS_DATA360(1.2),I,A,Annual,KOR,"Korea, Rep.",WB_BID_PPI_USP,Public Private Partnerships (PPP) Benchmarking: USP Score,_T,Total,_T,All age ranges or no breakdown by age,_T,Total,SCORE,Score,_Z,Not Applicable,_Z,Not Applicable,_Z,Not Applicable,2023,75.0,WB_BID,Benchmarking Infrastructure Development,0,Units,NUMBER,Number (real number),602,CCYY,A,Normal value,PU,Public
datastructure,WB.DATA360:DS_DATA360(1.2),I,A,Annual,XKX,Kosovo,WB_BID_PPI_USP,Public Private Partnerships (PPP) Benchmarking: USP Score,_T,Total,_T,All age ranges or no breakdown by age,_T,Total,SCORE,Score,_Z,Not Applicable,_Z,Not Applicable,_Z,Not Applicable,2023,,WB_BID,Benchmarking Infrastructure Development,0,Units,NUMBER,Number (real number),602,CCYY,O,Missing value,PU,Public
datastructure,WB.DATA360:DS_DATA360(1.2),I,A,Annual,KWT,Kuwait,WB_BID_PPI_USP,Public Private Partnerships (PPP) Benchmarking: USP Score,_T,Total,_T,All age ranges or no breakdown by age,_T,Total,SCORE,Score,_Z,Not Applicable,_Z,Not Applicable,_Z,Not Applicable,2023,83.33333333333334,WB_BID,Benchmarking Infrastructure Development,0,Units,NUMBER,Number (real number),602,CCYY,A,Normal value,PU,Public
datastructure,WB.DATA360:DS_DATA360(1.2),I,A,Annual,KGZ,Kyrgyz Republic,WB_BID_PPI_USP,Public Private Partnerships (PPP) Benchmarking: USP Score,_T,Total,_T,All age ranges or no breakdown by age,_T,Total,SCORE,Score,_Z,Not Applicable,_Z,Not Applicable,_Z,Not Applicable,2023,50.0,WB_BID,Benchmarking Infrastructure Development,0,Units,NUMBER,Number (real number),602,CCYY,A,Normal value,PU,Public
datastructure,WB.DATA360:DS_DATA360(1.2),I,A,Annual,LAO,Lao PDR,WB_BID_PPI_USP,Public Private Partnerships (PPP) Benchmarking: USP Score,_T,Total,_T,All age ranges or no breakdown by age,_T,Total,SCORE,Score,_Z,Not Applicable,_Z,Not Applicable,_Z,Not Applicable,2023,58.333333333333336,WB_BID,Benchmarking Infrastructure Development,0,Units,NUMBER,Number (real number),602,CCYY,A,Normal value,PU,Public
datastructure,WB.DATA360:DS_DATA360(1.2),I,A,Annual,LVA,Latvia,WB_BID_PPI_USP,Public Private Partnerships (PPP) Benchmarking: USP Score,_T,Total,_T,All age ranges or no breakdown by age,_T,Total,SCORE,Score,_Z,Not Applicable,_Z,Not Applicable,_Z,Not Applicable,2023,,WB_BID,Benchmarking Infrastructure Development,0,Units,NUMBER,Number (real number),602,CCYY,O,Missing value,PU,Public
datastructure,WB.DATA360:DS_DATA360(1.2),I,A,Annual,LBN,Lebanon,WB_BID_PPI_USP,Public Private Partnerships (PPP) Benchmarking: USP Score,_T,Total,_T,All age ranges or no breakdown by age,_T,Total,SCORE,Score,_Z,Not Applicable,_Z,Not Applicable,_Z,Not Applicable,2023,,WB_BID,Benchmarking Infrastructure Development,0,Units,NUMBER,Number (real number),602,CCYY,O,Missing value,PU,Public
datastructure,WB.DATA360:DS_DATA360(1.2),I,A,Annual,LTU,Lithuania,WB_BID_PPI_USP,Public Private Partnerships (PPP) Benchmarking: USP Score,_T,Total,_T,All age ranges or no breakdown by age,_T,Total,SCORE,Score,_Z,Not Applicable,_Z,Not Applicable,_Z,Not Applicable,2023,66.66666666666666,WB_BID,Benchmarking Infrastructure Development,0,Units,NUMBER,Number (real number),602,CCYY,A,Normal value,PU,Public
datastructure,WB.DATA360:DS_DATA360(1.2),I,A,Annual,MDG,Madagascar,WB_BID_PPI_USP,Public Private Partnerships (PPP) Benchmarking: USP Score,_T,Total,_T,All age ranges or no breakdown by age,_T,Total,SCORE,Score,_Z,Not Applicable,_Z,Not Applicable,_Z,Not Applicable,2023,83.33333333333334,WB_BID,Benchmarking Infrastructure Development,0,Units,NUMBER,Number (real number),602,CCYY,A,Normal value,PU,Public
datastructure,WB.DATA360:DS_DATA360(1.2),I,A,Annual,MWI,Malawi,WB_BID_PPI_USP,Public Private Partnerships (PPP) Benchmarking: USP Score,_T,Total,_T,All age ranges or no breakdown by age,_T,Total,SCORE,Score,_Z,Not Applicable,_Z,Not Applicable,_Z,Not Applicable,2023,66.66666666666666,WB_BID,Benchmarking Infrastructure Development,0,Units,NUMBER,Number (real number),602,CCYY,A,Normal value,PU,Public
datastructure,WB.DATA360:DS_DATA360(1.2),I,A,Annual,MYS,Malaysia,WB_BID_PPI_USP,Public Private Partnerships (PPP) Benchmarking: USP Score,_T,Total,_T,All age ranges or no breakdown by age,_T,Total,SCORE,Score,_Z,Not Applicable,_Z,Not Applicable,_Z,Not Applicable,2023,0.0,WB_BID,Benchmarking Infrastructure Development,0,Units,NUMBER,Number (real number),602,CCYY,A,Normal value,PU,Public
datastructure,WB.DATA360:DS_DATA360(1.2),I,A,Annual,MLI,Mali,WB_BID_PPI_USP,Public Private Partnerships (PPP) Benchmarking: USP Score,_T,Total,_T,All age ranges or no breakdown by age,_T,Total,SCORE,Score,_Z,Not Applicable,_Z,Not Applicable,_Z,Not Applicable,2023,66.66666666666666,WB_BID,Benchmarking Infrastructure Development,0,Units,NUMBER,Number (real number),602,CCYY,A,Normal value,PU,Public
datastructure,WB.DATA360:DS_DATA360(1.2),I,A,Annual,MUS,Mauritius,WB_BID_PPI_USP,Public Private Partnerships (PPP) Benchmarking: USP Score,_T,Total,_T,All age ranges or no breakdown by age,_T,Total,SCORE,Score,_Z,Not Applicable,_Z,Not Applicable,_Z,Not Applicable,2023,75.0,WB_BID,Benchmarking Infrastructure Development,0,Units,NUMBER,Number (real number),602,CCYY,A,Normal value,PU,Public
datastructure,WB.DATA360:DS_DATA360(1.2),I,A,Annual,MEX,Mexico,WB_BID_PPI_USP,Public Private Partnerships (PPP) Benchmarking: USP Score,_T,Total,_T,All age ranges or no breakdown by age,_T,Total,SCORE,Score,_Z,Not Applicable,_Z,Not Applicable,_Z,Not Applicable,2023,75.0,WB_BID,Benchmarking Infrastructure Development,0,Units,NUMBER,Number (real number),602,CCYY,A,Normal value,PU,Public
datastructure,WB.DATA360:DS_DATA360(1.2),I,A,Annual,MDA,Moldova,WB_BID_PPI_USP,Public Private Partnerships (PPP) Benchmarking: USP Score,_T,Total,_T,All age ranges or no breakdown by age,_T,Total,SCORE,Score,_Z,Not Applicable,_Z,Not Applicable,_Z,Not Applicable,2023,0.0,WB_BID,Benchmarking Infrastructure Development,0,Units,NUMBER,Number (real number),602,CCYY,A,Normal value,PU,Public
datastructure,WB.DATA360:DS_DATA360(1.2),I,A,Annual,MNG,Mongolia,WB_BID_PPI_USP,Public Private Partnerships (PPP) Benchmarking: USP Score,_T,Total,_T,All age ranges or no breakdown by age,_T,Total,SCORE,Score,_Z,Not Applicable,_Z,Not Applicable,_Z,Not Applicable,2023,58.333333333333336,WB_BID,Benchmarking Infrastructure Development,0,Units,NUMBER,Number (real number),602,CCYY,A,Normal value,PU,Public
datastructure,WB.DATA360:DS_DATA360(1.2),I,A,Annual,MNE,Montenegro,WB_BID_PPI_USP,Public Private Partnerships (PPP) Benchmarking: USP Score,_T,Total,_T,All age ranges or no breakdown by age,_T,Total,SCORE,Score,_Z,Not Applicable,_Z,Not Applicable,_Z,Not Applicable,2023,50.0,WB_BID,Benchmarking Infrastructure Development,0,Units,NUMBER,Number (real number),602,CCYY,A,Normal value,PU,Public
datastructure,WB.DATA360:DS_DATA360(1.2),I,A,Annual,MAR,Morocco,WB_BID_PPI_USP,Public Private Partnerships (PPP) Benchmarking: USP Score,_T,Total,_T,All age ranges or no breakdown by age,_T,Total,SCORE,Score,_Z,Not Applicable,_Z,Not Applicable,_Z,Not Applicable,2023,66.66666666666666,WB_BID,Benchmarking Infrastructure Development,0,Units,NUMBER,Number (real number),602,CCYY,A,Normal value,PU,Public
datastructure,WB.DATA360:DS_DATA360(1.2),I,A,Annual,MOZ,Mozambique,WB_BID_PPI_USP,Public Private Partnerships (PPP) Benchmarking: USP Score,_T,Total,_T,All age ranges or no breakdown by age,_T,Total,SCORE,Score,_Z,Not Applicable,_Z,Not Applicable,_Z,Not Applicable,2023,33.33333333333333,WB_BID,Benchmarking Infrastructure Development,0,Units,NUMBER,Number (real number),602,CCYY,A,Normal value,PU,Public
datastructure,WB.DATA360:DS_DATA360(1.2),I,A,Annual,NPL,Nepal,WB_BID_PPI_USP,Public Private Partnerships (PPP) Benchmarking: USP Score,_T,Total,_T,All age ranges or no breakdown by age,_T,Total,SCORE,Score,_Z,Not Applicable,_Z,Not Applicable,_Z,Not Applicable,2023,58.333333333333336,WB_BID,Benchmarking Infrastructure Development,0,Units,NUMBER,Number (real number),602,CCYY,A,Normal value,PU,Public
datastructure,WB.DATA360:DS_DATA360(1.2),I,A,Annual,NLD,Netherlands,WB_BID_PPI_USP,Public Private Partnerships (PPP) Benchmarking: USP Score,_T,Total,_T,All age ranges or no breakdown by age,_T,Total,SCORE,Score,_Z,Not Applicable,_Z,Not Applicable,_Z,Not Applicable,2023,58.333333333333336,WB_BID,Benchmarking Infrastructure Development,0,Units,NUMBER,Number (real number),602,CCYY,A,Normal value,PU,Public
datastructure,WB.DATA360:DS_DATA360(1.2),I,A,Annual,NZL,New Zealand,WB_BID_PPI_USP,Public Private Partnerships (PPP) Benchmarking: USP Score,_T,Total,_T,All age ranges or no breakdown by age,_T,Total,SCORE,Score,_Z,Not Applicable,_Z,Not Applicable,_Z,Not Applicable,2023,66.66666666666666,WB_BID,Benchmarking Infrastructure Development,0,Units,NUMBER,Number (real number),602,CCYY,A,Normal value,PU,Public
datastructure,WB.DATA360:DS_DATA360(1.2),I,A,Annual,NIC,Nicaragua,WB_BID_PPI_USP,Public Private Partnerships (PPP) Benchmarking: USP Score,_T,Total,_T,All age ranges or no breakdown by age,_T,Total,SCORE,Score,_Z,Not Applicable,_Z,Not Applicable,_Z,Not Applicable,2023,91.66666666666666,WB_BID,Benchmarking Infrastructure Development,0,Units,NUMBER,Number (real number),602,CCYY,A,Normal value,PU,Public
datastructure,WB.DATA360:DS_DATA360(1.2),I,A,Annual,NER,Niger,WB_BID_PPI_USP,Public Private Partnerships (PPP) Benchmarking: USP Score,_T,Total,_T,All age ranges or no breakdown by age,_T,Total,SCORE,Score,_Z,Not Applicable,_Z,Not Applicable,_Z,Not Applicable,2023,41.66666666666667,WB_BID,Benchmarking Infrastructure Development,0,Units,NUMBER,Number (real number),602,CCYY,A,Normal value,PU,Public
datastructure,WB.DATA360:DS_DATA360(1.2),I,A,Annual,NGA,Nigeria,WB_BID_PPI_USP,Public Private Partnerships (PPP) Benchmarking: USP Score,_T,Total,_T,All age ranges or no breakdown by age,_T,Total,SCORE,Score,_Z,Not Applicable,_Z,Not Applicable,_Z,Not Applicable,2023,66.66666666666666,WB_BID,Benchmarking Infrastructure Development,0,Units,NUMBER,Number (real number),602,CCYY,A,Normal value,PU,Public
datastructure,WB.DATA360:DS_DATA360(1.2),I,A,Annual,MKD,North Macedonia,WB_BID_PPI_USP,Public Private Partnerships (PPP) Benchmarking: USP Score,_T,Total,_T,All age ranges or no breakdown by age,_T,Total,SCORE,Score,_Z,Not Applicable,_Z,Not Applicable,_Z,Not Applicable,2023,,WB_BID,Benchmarking Infrastructure Development,0,Units,NUMBER,Number (real number),602,CCYY,O,Missing value,PU,Public
datastructure,WB.DATA360:DS_DATA360(1.2),I,A,Annual,PAK,Pakistan,WB_BID_PPI_USP,Public Private Partnerships (PPP) Benchmarking: USP Score,_T,Total,_T,All age ranges or no breakdown by age,_T,Total,SCORE,Score,_Z,Not Applicable,_Z,Not Applicable,_Z,Not Applicable,2023,58.333333333333336,WB_BID,Benchmarking Infrastructure Development,0,Units,NUMBER,Number (real number),602,CCYY,A,Normal value,PU,Public
datastructure,WB.DATA360:DS_DATA360(1.2),I,A,Annual,PAN,Panama,WB_BID_PPI_USP,Public Private Partnerships (PPP) Benchmarking: USP Score,_T,Total,_T,All age ranges or no breakdown by age,_T,Total,SCORE,Score,_Z,Not Applicable,_Z,Not Applicable,_Z,Not Applicable,2023,,WB_BID,Benchmarking Infrastructure Development,0,Units,NUMBER,Number (real number),602,CCYY,O,Missing value,PU,Public
datastructure,WB.DATA360:DS_DATA360(1.2),I,A,Annual,PNG,Papua New Guinea,WB_BID_PPI_USP,Public Private Partnerships (PPP) Benchmarking: USP Score,_T,Total,_T,All age ranges or no breakdown by age,_T,Total,SCORE,Score,_Z,Not Applicable,_Z,Not Applicable,_Z,Not Applicable,2023,33.33333333333333,WB_BID,Benchmarking Infrastructure Development,0,Units,NUMBER,Number (real number),602,CCYY,A,Normal value,PU,Public
datastructure,WB.DATA360:DS_DATA360(1.2),I,A,Annual,PRY,Paraguay,WB_BID_PPI_USP,Public Private Partnerships (PPP) Benchmarking: USP Score,_T,Total,_T,All age ranges or no breakdown by age,_T,Total,SCORE,Score,_Z,Not Applicable,_Z,Not Applicable,_Z,Not Applicable,2023,83.33333333333334,WB_BID,Benchmarking Infrastructure Development,0,Units,NUMBER,Number (real number),602,CCYY,A,Normal value,PU,Public
datastructure,WB.DATA360:DS_DATA360(1.2),I,A,Annual,PER,Peru,WB_BID_PPI_USP,Public Private Partnerships (PPP) Benchmarking: USP Score,_T,Total,_T,All age ranges or no breakdown by age,_T,Total,SCORE,Score,_Z,Not Applicable,_Z,Not Applicable,_Z,Not Applicable,2023,100.0,WB_BID,Benchmarking Infrastructure Development,0,Units,NUMBER,Number (real number),602,CCYY,A,Normal value,PU,Public
datastructure,WB.DATA360:DS_DATA360(1.2),I,A,Annual,PHL,Philippines,WB_BID_PPI_USP,Public Private Partnerships (PPP) Benchmarking: USP Score,_T,Total,_T,All age ranges or no breakdown by age,_T,Total,SCORE,Score,_Z,Not Applicable,_Z,Not Applicable,_Z,Not Applicable,2023,75.0,WB_BID,Benchmarking Infrastructure Development,0,Units,NUMBER,Number (real number),602,CCYY,A,Normal value,PU,Public
datastructure,WB.DATA360:DS_DATA360(1.2),I,A,Annual,POL,Poland,WB_BID_PPI_USP,Public Private Partnerships (PPP) Benchmarking: USP Score,_T,Total,_T,All age ranges or no breakdown by age,_T,Total,SCORE,Score,_Z,Not Applicable,_Z,Not Applicable,_Z,Not Applicable,2023,,WB_BID,Benchmarking Infrastructure Development,0,Units,NUMBER,Number (real number),602,CCYY,O,Missing value,PU,Public
datastructure,WB.DATA360:DS_DATA360(1.2),I,A,Annual,PRT,Portugal,WB_BID_PPI_USP,Public Private Partnerships (PPP) Benchmarking: USP Score,_T,Total,_T,All age ranges or no breakdown by age,_T,Total,SCORE,Score,_Z,Not Applicable,_Z,Not Applicable,_Z,Not Applicable,2023,,WB_BID,Benchmarking Infrastructure Development,0,Units,NUMBER,Number (real number),602,CCYY,O,Missing value,PU,Public
datastructure,WB.DATA360:DS_DATA360(1.2),I,A,Annual,QAT,Qatar,WB_BID_PPI_USP,Public Private Partnerships (PPP) Benchmarking: USP Score,_T,Total,_T,All age ranges or no breakdown by age,_T,Total,SCORE,Score,_Z,Not Applicable,_Z,Not Applicable,_Z,Not Applicable,2023,0.0,WB_BID,Benchmarking Infrastructure Development,0,Units,NUMBER,Number (real number),602,CCYY,A,Normal value,PU,Public
datastructure,WB.DATA360:DS_DATA360(1.2),I,A,Annual,ROU,Romania,WB_BID_PPI_USP,Public Private Partnerships (PPP) Benchmarking: USP Score,_T,Total,_T,All age ranges or no breakdown by age,_T,Total,SCORE,Score,_Z,Not Applicable,_Z,Not Applicable,_Z,Not Applicable,2023,,WB_BID,Benchmarking Infrastructure Development,0,Units,NUMBER,Number (real number),602,CCYY,O,Missing value,PU,Public
datastructure,WB.DATA360:DS_DATA360(1.2),I,A,Annual,RWA,Rwanda,WB_BID_PPI_USP,Public Private Partnerships (PPP) Benchmarking: USP Score,_T,Total,_T,All age ranges or no breakdown by age,_T,Total,SCORE,Score,_Z,Not Applicable,_Z,Not Applicable,_Z,Not Applicable,2023,41.66666666666667,WB_BID,Benchmarking Infrastructure Development,0,Units,NUMBER,Number (real number),602,CCYY,A,Normal value,PU,Public
datastructure,WB.DATA360:DS_DATA360(1.2),I,A,Annual,WSM,Samoa,WB_BID_PPI_USP,Public Private Partnerships (PPP) Benchmarking: USP Score,_T,Total,_T,All age ranges or no breakdown by age,_T,Total,SCORE,Score,_Z,Not Applicable,_Z,Not Applicable,_Z,Not Applicable,2023,75.0,WB_BID,Benchmarking Infrastructure Development,0,Units,NUMBER,Number (real number),602,CCYY,A,Normal value,PU,Public
datastructure,WB.DATA360:DS_DATA360(1.2),I,A,Annual,SAU,Saudi Arabia,WB_BID_PPI_USP,Public Private Partnerships (PPP) Benchmarking: USP Score,_T,Total,_T,All age ranges or no breakdown by age,_T,Total,SCORE,Score,_Z,Not Applicable,_Z,Not Applicable,_Z,Not Applicable,2023,91.66666666666666,WB_BID,Benchmarking Infrastructure Development,0,Units,NUMBER,Number (real number),602,CCYY,A,Normal value,PU,Public
datastructure,WB.DATA360:DS_DATA360(1.2),I,A,Annual,SEN,Senegal,WB_BID_PPI_USP,Public Private Partnerships (PPP) Benchmarking: USP Score,_T,Total,_T,All age ranges or no breakdown by age,_T,Total,SCORE,Score,_Z,Not Applicable,_Z,Not Applicable,_Z,Not Applicable,2023,58.333333333333336,WB_BID,Benchmarking Infrastructure Development,0,Units,NUMBER,Number (real number),602,CCYY,A,Normal value,PU,Public
datastructure,WB.DATA360:DS_DATA360(1.2),I,A,Annual,SRB,Serbia,WB_BID_PPI_USP,Public Private Partnerships (PPP) Benchmarking: USP Score,_T,Total,_T,All age ranges or no breakdown by age,_T,Total,SCORE,Score,_Z,Not Applicable,_Z,Not Applicable,_Z,Not Applicable,2023,66.66666666666666,WB_BID,Benchmarking Infrastructure Development,0,Units,NUMBER,Number (real number),602,CCYY,A,Normal value,PU,Public
datastructure,WB.DATA360:DS_DATA360(1.2),I,A,Annual,SLE,Sierra Leone,WB_BID_PPI_USP,Public Private Partnerships (PPP) Benchmarking: USP Score,_T,Total,_T,All age ranges or no breakdown by age,_T,Total,SCORE,Score,_Z,Not Applicable,_Z,Not Applicable,_Z,Not Applicable,2023,66.66666666666666,WB_BID,Benchmarking Infrastructure Development,0,Units,NUMBER,Number (real number),602,CCYY,A,Normal value,PU,Public
datastructure,WB.DATA360:DS_DATA360(1.2),I,A,Annual,SGP,Singapore,WB_BID_PPI_USP,Public Private Partnerships (PPP) Benchmarking: USP Score,_T,Total,_T,All age ranges or no breakdown by age,_T,Total,SCORE,Score,_Z,Not Applicable,_Z,Not Applicable,_Z,Not Applicable,2023,,WB_BID,Benchmarking Infrastructure Development,0,Units,NUMBER,Number (real number),602,CCYY,O,Missing value,PU,Public
datastructure,WB.DATA360:DS_DATA360(1.2),I,A,Annual,SVK,Slovak Republic,WB_BID_PPI_USP,Public Private Partnerships (PPP) Benchmarking: USP Score,_T,Total,_T,All age ranges or no breakdown by age,_T,Total,SCORE,Score,_Z,Not Applicable,_Z,Not Applicable,_Z,Not Applicable,2023,,WB_BID,Benchmarking Infrastructure Development,0,Units,NUMBER,Number (real number),602,CCYY,O,Missing value,PU,Public
datastructure,WB.DATA360:DS_DATA360(1.2),I,A,Annual,SVN,Slovenia,WB_BID_PPI_USP,Public Private Partnerships (PPP) Benchmarking: USP Score,_T,Total,_T,All age ranges or no breakdown by age,_T,Total,SCORE,Score,_Z,Not Applicable,_Z,Not Applicable,_Z,Not Applicable,2023,75.0,WB_BID,Benchmarking Infrastructure Development,0,Units,NUMBER,Number (real number),602,CCYY,A,Normal value,PU,Public
datastructure,WB.DATA360:DS_DATA360(1.2),I,A,Annual,SLB,Solomon Islands,WB_BID_PPI_USP,Public Private Partnerships (PPP) Benchmarking: USP Score,_T,Total,_T,All age ranges or no breakdown by age,_T,Total,SCORE,Score,_Z,Not Applicable,_Z,Not Applicable,_Z,Not Applicable,2023,,WB_BID,Benchmarking Infrastructure Development,0,Units,NUMBER,Number (real number),602,CCYY,O,Missing value,PU,Public
datastructure,WB.DATA360:DS_DATA360(1.2),I,A,Annual,SOM,Somalia,WB_BID_PPI_USP,Public Private Partnerships (PPP) Benchmarking: USP Score,_T,Total,_T,All age ranges or no breakdown by age,_T,Total,SCORE,Score,_Z,Not Applicable,_Z,Not Applicable,_Z,Not Applicable,2023,50.0,WB_BID,Benchmarking Infrastructure Development,0,Units,NUMBER,Number (real number),602,CCYY,A,Normal value,PU,Public
datastructure,WB.DATA360:DS_DATA360(1.2),I,A,Annual,ZAF,South Africa,WB_BID_PPI_USP,Public Private Partnerships (PPP) Benchmarking: USP Score,_T,Total,_T,All age ranges or no breakdown by age,_T,Total,SCORE,Score,_Z,Not Applicable,_Z,Not Applicable,_Z,Not Applicable,2023,66.66666666666666,WB_BID,Benchmarking Infrastructure Development,0,Units,NUMBER,Number (real number),602,CCYY,A,Normal value,PU,Public
datastructure,WB.DATA360:DS_DATA360(1.2),I,A,Annual,ESP,Spain,WB_BID_PPI_USP,Public Private Partnerships (PPP) Benchmarking: USP Score,_T,Total,_T,All age ranges or no breakdown by age,_T,Total,SCORE,Score,_Z,Not Applicable,_Z,Not Applicable,_Z,Not Applicable,2023,58.333333333333336,WB_BID,Benchmarking Infrastructure Development,0,Units,NUMBER,Number (real number),602,CCYY,A,Normal value,PU,Public
datastructure,WB.DATA360:DS_DATA360(1.2),I,A,Annual,LKA,Sri Lanka,WB_BID_PPI_USP,Public Private Partnerships (PPP) Benchmarking: USP Score,_T,Total,_T,All age ranges or no breakdown by age,_T,Total,SCORE,Score,_Z,Not Applicable,_Z,Not Applicable,_Z,Not Applicable,2023,91.66666666666666,WB_BID,Benchmarking Infrastructure Development,0,Units,NUMBER,Number (real number),602,CCYY,A,Normal value,PU,Public
datastructure,WB.DATA360:DS_DATA360(1.2),I,A,Annual,SDN,Sudan,WB_BID_PPI_USP,Public Private Partnerships (PPP) Benchmarking: USP Score,_T,Total,_T,All age ranges or no breakdown by age,_T,Total,SCORE,Score,_Z,Not Applicable,_Z,Not Applicable,_Z,Not Applicable,2023,0.0,WB_BID,Benchmarking Infrastructure Development,0,Units,NUMBER,Number (real number),602,CCYY,A,Normal value,PU,Public
datastructure,WB.DATA360:DS_DATA360(1.2),I,A,Annual,SWE,Sweden,WB_BID_PPI_USP,Public Private Partnerships (PPP) Benchmarking: USP Score,_T,Total,_T,All age ranges or no breakdown by age,_T,Total,SCORE,Score,_Z,Not Applicable,_Z,Not Applicable,_Z,Not Applicable,2023,,WB_BID,Benchmarking Infrastructure Development,0,Units,NUMBER,Number (real number),602,CCYY,O,Missing value,PU,Public
datastructure,WB.DATA360:DS_DATA360(1.2),I,A,Annual,CHE,Switzerland,WB_BID_PPI_USP,Public Private Partnerships (PPP) Benchmarking: USP Score,_T,Total,_T,All age ranges or no breakdown by age,_T,Total,SCORE,Score,_Z,Not Applicable,_Z,Not Applicable,_Z,Not Applicable,2023,,WB_BID,Benchmarking Infrastructure Development,0,Units,NUMBER,Number (real number),602,CCYY,O,Missing value,PU,Public
datastructure,WB.DATA360:DS_DATA360(1.2),I,A,Annual,TJK,Tajikistan,WB_BID_PPI_USP,Public Private Partnerships (PPP) Benchmarking: USP Score,_T,Total,_T,All age ranges or no breakdown by age,_T,Total,SCORE,Score,_Z,Not Applicable,_Z,Not Applicable,_Z,Not Applicable,2023,83.33333333333334,WB_BID,Benchmarking Infrastructure Development,0,Units,NUMBER,Number (real number),602,CCYY,A,Normal value,PU,Public
datastructure,WB.DATA360:DS_DATA360(1.2),I,A,Annual,TZA,Tanzania,WB_BID_PPI_USP,Public Private Partnerships (PPP) Benchmarking: USP Score,_T,Total,_T,All age ranges or no breakdown by age,_T,Total,SCORE,Score,_Z,Not Applicable,_Z,Not Applicable,_Z,Not Applicable,2023,91.66666666666666,WB_BID,Benchmarking Infrastructure Development,0,Units,NUMBER,Number (real number),602,CCYY,A,Normal value,PU,Public
datastructure,WB.DATA360:DS_DATA360(1.2),I,A,Annual,THA,Thailand,WB_BID_PPI_USP,Public Private Partnerships (PPP) Benchmarking: USP Score,_T,Total,_T,All age ranges or no breakdown by age,_T,Total,SCORE,Score,_Z,Not Applicable,_Z,Not Applicable,_Z,Not Applicable,2023,,WB_BID,Benchmarking Infrastructure Development,0,Units,NUMBER,Number (real number),602,CCYY,O,Missing value,PU,Public
datastructure,WB.DATA360:DS_DATA360(1.2),I,A,Annual,TLS,Timor-Leste,WB_BID_PPI_USP,Public Private Partnerships (PPP) Benchmarking: USP Score,_T,Total,_T,All age ranges or no breakdown by age,_T,Total,SCORE,Score,_Z,Not Applicable,_Z,Not Applicable,_Z,Not Applicable,2023,33.33333333333333,WB_BID,Benchmarking Infrastructure Development,0,Units,NUMBER,Number (real number),602,CCYY,A,Normal value,PU,Public
datastructure,WB.DATA360:DS_DATA360(1.2),I,A,Annual,TGO,Togo,WB_BID_PPI_USP,Public Private Partnerships (PPP) Benchmarking: USP Score,_T,Total,_T,All age ranges or no breakdown by age,_T,Total,SCORE,Score,_Z,Not Applicable,_Z,Not Applicable,_Z,Not Applicable,2023,50.0,WB_BID,Benchmarking Infrastructure Development,0,Units,NUMBER,Number (real number),602,CCYY,A,Normal value,PU,Public
datastructure,WB.DATA360:DS_DATA360(1.2),I,A,Annual,TON,Tonga,WB_BID_PPI_USP,Public Private Partnerships (PPP) Benchmarking: USP Score,_T,Total,_T,All age ranges or no breakdown by age,_T,Total,SCORE,Score,_Z,Not Applicable,_Z,Not Applicable,_Z,Not Applicable,2023,,WB_BID,Benchmarking Infrastructure Development,0,Units,NUMBER,Number (real number),602,CCYY,O,Missing value,PU,Public
datastructure,WB.DATA360:DS_DATA360(1.2),I,A,Annual,TTO,Trinidad and Tobago,WB_BID_PPI_USP,Public Private Partnerships (PPP) Benchmarking: USP Score,_T,Total,_T,All age ranges or no breakdown by age,_T,Total,SCORE,Score,_Z,Not Applicable,_Z,Not Applicable,_Z,Not Applicable,2023,0.0,WB_BID,Benchmarking Infrastructure Development,0,Units,NUMBER,Number (real number),602,CCYY,A,Normal value,PU,Public
datastructure,WB.DATA360:DS_DATA360(1.2),I,A,Annual,TUN,Tunisia,WB_BID_PPI_USP,Public Private Partnerships (PPP) Benchmarking: USP Score,_T,Total,_T,All age ranges or no breakdown by age,_T,Total,SCORE,Score,_Z,Not Applicable,_Z,Not Applicable,_Z,Not Applicable,2023,83.33333333333334,WB_BID,Benchmarking Infrastructure Development,0,Units,NUMBER,Number (real number),602,CCYY,A,Normal value,PU,Public
datastructure,WB.DATA360:DS_DATA360(1.2),I,A,Annual,TUR,Turkiye,WB_BID_PPI_USP,Public Private Partnerships (PPP) Benchmarking: USP Score,_T,Total,_T,All age ranges or no breakdown by age,_T,Total,SCORE,Score,_Z,Not Applicable,_Z,Not Applicable,_Z,Not Applicable,2023,,WB_BID,Benchmarking Infrastructure Development,0,Units,NUMBER,Number (real number),602,CCYY,O,Missing value,PU,Public
datastructure,WB.DATA360:DS_DATA360(1.2),I,A,Annual,UGA,Uganda,WB_BID_PPI_USP,Public Private Partnerships (PPP) Benchmarking: USP Score,_T,Total,_T,All age ranges or no breakdown by age,_T,Total,SCORE,Score,_Z,Not Applicable,_Z,Not Applicable,_Z,Not Applicable,2023,66.66666666666666,WB_BID,Benchmarking Infrastructure Development,0,Units,NUMBER,Number (real number),602,CCYY,A,Normal value,PU,Public
datastructure,WB.DATA360:DS_DATA360(1.2),I,A,Annual,UKR,Ukraine,WB_BID_PPI_USP,Public Private Partnerships (PPP) Benchmarking: USP Score,_T,Total,_T,All age ranges or no breakdown by age,_T,Total,SCORE,Score,_Z,Not Applicable,_Z,Not Applicable,_Z,Not Applicable,2023,83.33333333333334,WB_BID,Benchmarking Infrastructure Development,0,Units,NUMBER,Number (real number),602,CCYY,A,Normal value,PU,Public
datastructure,WB.DATA360:DS_DATA360(1.2),I,A,Annual,ARE,United Arab Emirates,WB_BID_PPI_USP,Public Private Partnerships (PPP) Benchmarking: USP Score,_T,Total,_T,All age ranges or no breakdown by age,_T,Total,SCORE,Score,_Z,Not Applicable,_Z,Not Applicable,_Z,Not Applicable,2023,41.66666666666667,WB_BID,Benchmarking Infrastructure Development,0,Units,NUMBER,Number (real number),602,CCYY,A,Normal value,PU,Public
datastructure,WB.DATA360:DS_DATA360(1.2),I,A,Annual,GBR,United Kingdom,WB_BID_PPI_USP,Public Private Partnerships (PPP) Benchmarking: USP Score,_T,Total,_T,All age ranges or no breakdown by age,_T,Total,SCORE,Score,_Z,Not Applicable,_Z,Not Applicable,_Z,Not Applicable,2023,,WB_BID,Benchmarking Infrastructure Development,0,Units,NUMBER,Number (real number),602,CCYY,O,Missing value,PU,Public
datastructure,WB.DATA360:DS_DATA360(1.2),I,A,Annual,USA,United States,WB_BID_PPI_USP,Public Private Partnerships (PPP) Benchmarking: USP Score,_T,Total,_T,All age ranges or no breakdown by age,_T,Total,SCORE,Score,_Z,Not Applicable,_Z,Not Applicable,_Z,Not Applicable,2023,100.0,WB_BID,Benchmarking Infrastructure Development,0,Units,NUMBER,Number (real number),602,CCYY,A,Normal value,PU,Public
datastructure,WB.DATA360:DS_DATA360(1.2),I,A,Annual,URY,Uruguay,WB_BID_PPI_USP,Public Private Partnerships (PPP) Benchmarking: USP Score,_T,Total,_T,All age ranges or no breakdown by age,_T,Total,SCORE,Score,_Z,Not Applicable,_Z,Not Applicable,_Z,Not Applicable,2023,66.66666666666666,WB_BID,Benchmarking Infrastructure Development,0,Units,NUMBER,Number (real number),602,CCYY,A,Normal value,PU,Public
datastructure,WB.DATA360:DS_DATA360(1.2),I,A,Annual,UZB,Uzbekistan,WB_BID_PPI_USP,Public Private Partnerships (PPP) Benchmarking: USP Score,_T,Total,_T,All age ranges or no breakdown by age,_T,Total,SCORE,Score,_Z,Not Applicable,_Z,Not Applicable,_Z,Not Applicable,2023,75.0,WB_BID,Benchmarking Infrastructure Development,0,Units,NUMBER,Number (real number),602,CCYY,A,Normal value,PU,Public
datastructure,WB.DATA360:DS_DATA360(1.2),I,A,Annual,VUT,Vanuatu,WB_BID_PPI_USP,Public Private Partnerships (PPP) Benchmarking: USP Score,_T,Total,_T,All age ranges or no breakdown by age,_T,Total,SCORE,Score,_Z,Not Applicable,_Z,Not Applicable,_Z,Not Applicable,2023,,WB_BID,Benchmarking Infrastructure Development,0,Units,NUMBER,Number (real number),602,CCYY,O,Missing value,PU,Public
datastructure,WB.DATA360:DS_DATA360(1.2),I,A,Annual,VNM,Viet Nam,WB_BID_PPI_USP,Public Private Partnerships (PPP) Benchmarking: USP Score,_T,Total,_T,All age ranges or no breakdown by age,_T,Total,SCORE,Score,_Z,Not Applicable,_Z,Not Applicable,_Z,Not Applicable,2023,66.66666666666666,WB_BID,Benchmarking Infrastructure Development,0,Units,NUMBER,Number (real number),602,CCYY,A,Normal value,PU,Public
datastructure,WB.DATA360:DS_DATA360(1.2),I,A,Annual,ZMB,Zambia,WB_BID_PPI_USP,Public Private Partnerships (PPP) Benchmarking: USP Score,_T,Total,_T,All age ranges or no breakdown by age,_T,Total,SCORE,Score,_Z,Not Applicable,_Z,Not Applicable,_Z,Not Applicable,2023,58.333333333333336,WB_BID,Benchmarking Infrastructure Development,0,Units,NUMBER,Number (real number),602,CCYY,A,Normal value,PU,Public
datastructure,WB.DATA360:DS_DATA360(1.2),I,A,Annual,ZWE,Zimbabwe,WB_BID_PPI_USP,Public Private Partnerships (PPP) Benchmarking: USP Score,_T,Total,_T,All age ranges or no breakdown by age,_T,Total,SCORE,Score,_Z,Not Applicable,_Z,Not Applicable,_Z,Not Applicable,2023,50.0,WB_BID,Benchmarking Infrastructure Development,0,Units,NUMBER,Number (real number),602,CCYY,A,Normal value,PU,Public
datastructure,WB.DATA360:DS_DATA360(1.2),I,A,Annual,MMR,Myanmar,WB_BID_PPI_USP,Public Private Partnerships (PPP) Benchmarking: USP Score,_T,Total,_T,All age ranges or no breakdown by age,_T,Total,SCORE,Score,_Z,Not Applicable,_Z,Not Applicable,_Z,Not Applicable,2023,0.0,WB_BID,Benchmarking Infrastructure Development,0,Units,NUMBER,Number (real number),602,CCYY,A,Normal value,PU,Public
datastructure,WB.DATA360:DS_DATA360(1.2),I,A,Annual,RUS,Russian Federation,WB_BID_PPI_USP,Public Private Partnerships (PPP) Benchmarking: USP Score,_T,Total,_T,All age ranges or no breakdown by age,_T,Total,SCORE,Score,_Z,Not Applicable,_Z,Not Applicable,_Z,Not Applicable,2023,58.333333333333336,WB_BID,Benchmarking Infrastructure Development,0,Units,NUMBER,Number (real number),602,CCYY,A,Normal value,PU,Public
